year,n_obs,n_firms,aum_total,emp_total,rev_total,aum_per_employee_mean,aum_per_employee_median,revenue_per_employee_mean,revenue_per_employee_median,aum_per_employee_total,revenue_per_employee_total
1950,1,1,0.0,3.3,46.7,,,14.151515151515152,14.151515151515152,0.0,14.151515151515152
1951,1,1,0.0,3.6,53.1,,,14.75,14.75,0.0,14.75
1952,1,1,0.0,3.7,62.3,,,16.837837837837835,16.837837837837835,0.0,16.837837837837835
1953,1,1,0.0,3.8,67.6,,,17.789473684210524,17.789473684210524,0.0,17.789473684210524
1954,1,1,0.0,3.9,70.0,,,17.94871794871795,17.94871794871795,0.0,17.94871794871795
1955,1,1,0.0,4.0,76.7,,,19.175,19.175,0.0,19.175
1956,1,1,0.0,4.4,88.7,,,20.159090909090907,20.159090909090907,0.0,20.159090909090907
1957,1,1,0.0,4.8,98.2,,,20.458333333333336,20.458333333333336,0.0,20.458333333333336
1958,3,3,0.0,4.8,96.2,,,20.041666666666668,20.041666666666668,0.0,20.041666666666668
1959,3,3,0.0,5.545,250.768,,,17.19126720455624,17.19126720455624,0.0,45.224165915238956
1960,3,3,0.0,14.057,285.84499999999997,,,22.865227522474214,22.865227522474214,0.0,20.33470868606388
1961,3,3,0.0,16.694,320.132,,,21.14469696969697,21.14469696969697,0.0,19.176470588235297
1962,3,3,0.0,17.385,349.544,,,22.281686378994493,22.281686378994493,0.0,20.106068449813055
1963,4,4,466.4,19.689,228.219,260.99608282036934,260.99608282036934,18.032946581595155,16.365976496922215,23.688353903194677,11.591193051957946
1964,4,4,531.7,20.243000000000002,256.455,289.1245241979337,289.1245241979337,19.352947445607033,17.44804469273743,26.26586968334733,12.668823790940076
1965,4,4,655.0,21.04,560.525,352.1505376344086,352.1505376344086,23.691056550525126,21.772030324996976,31.131178707224336,26.64092205323194
1966,4,4,635.7,24.725,690.564,293.7615526802218,293.7615526802218,25.083049951751335,23.776380322340046,25.710819009100103,27.92978766430738
1967,4,4,818.3,26.443,785.833,386.5375531412376,386.5375531412376,27.5825407377414,25.36141087825616,30.945807964300567,29.71799720152781
1968,4,4,1000.738,29.175,914.2209999999999,370.6437037037037,370.6437037037037,28.81373780564105,26.7917416082049,34.30121679520137,31.33576692373607
1969,5,5,1411.2740000000001,32.066,1301.0639999999999,253.86044043512865,253.86044043512865,32.44315236055054,30.871601416151755,44.01153870142831,40.57456495977046
1970,5,5,1428.44,21.317,1460.4499999999998,174.56147262390311,174.56147262390311,31.469308661384712,32.03854580865049,67.0094290941502,68.51104752075807
1971,5,5,1813.063,36.142,1456.998,241.4876896994135,241.4876896994135,37.932779418677185,37.488172043010756,50.16498810248464,40.31315367162858
1972,5,5,2370.189,36.714,1592.817,340.251356397145,340.251356397145,40.964877385703154,38.40771812080537,64.55817944108514,43.38445824481125
1973,5,5,1962.1270000000002,37.036,2292.212,170.51002788020676,157.4282490126011,57.74042712393295,50.5219108519842,52.97891240954747,61.8914569607949
1974,5,5,2079.9120000000003,38.48,3188.284,162.75846671384593,234.57584629460203,75.7001689355838,65.66386093321135,54.051767151767166,82.85561330561332
1975,5,5,2681.36,40.258,3084.3360000000002,216.06913507985436,302.24272744117104,67.10424910605941,59.01222901612006,66.60440160961797,76.61423816384321
1976,5,5,2994.3729999999996,39.433,3065.146,251.52566044067828,337.52923194497515,68.26390649523015,62.544134505158574,75.93571374229705,77.73047954758705
1977,5,5,2987.56,40.695,3362.485,246.02258451031398,351.9975252236817,72.84706616107711,69.41062250142775,73.41344145472416,82.6264897407544
1978,5,5,3521.21,43.41,4208.184,274.8399210600948,380.492,86.68572559662854,87.12719683655537,81.11518083390925,96.94042847270215
1979,5,5,6009.809,45.505,5751.176,412.0259036839836,435.01935483870966,116.4634410570699,118.57055214723924,132.0692011866828,126.38558400175805
1980,5,5,7377.719,47.805,7450.687,429.51005745399124,481.3066666666667,141.40052657543612,152.4649256841228,154.32944252693233,155.85581006170904
1981,5,5,13218.923999999999,50.531,9614.91,636.7072509228333,465.6751428571428,171.62659218415743,185.96505844317335,261.6002849735806,190.27745344442025
1982,5,5,19701.649999999998,53.839,9696.966999999999,861.1599529890206,489.71236842105264,160.3114629508151,137.62217368961973,365.93640297925293,180.11045896097622
1983,5,5,18556.941,52.676,9233.247000000001,863.5870892396797,595.1122222222222,159.13300805189044,162.3509877590595,352.28455083909176,175.28375351203587
1984,5,5,23504.483,55.614000000000004,10960.617999999999,1113.5142642128305,574.7539641943733,179.32222744290144,176.1208060885411,422.63608084295316,197.08379185097274
1985,5,5,31723.171,56.349,11217.296,1042.0721623733048,699.4613619885415,181.981711747715,193.93146979260595,562.9766455482795,199.06823546114396
1986,5,5,41198.477,63.059,11750.291,1092.3244800043326,865.0456564835455,172.13378297199864,188.0659931212382,653.3322285478679,186.33804849426727
1987,5,5,42250.293,74.015,13864.428,1038.1097871295315,862.9399234917626,172.7595813635099,199.52505269985406,570.8341957711275,187.3191650341147
1988,5,5,41097.441,81.533,15812.669000000002,737.9243916521256,762.2852422228702,176.24473532842296,147.4110598559856,504.0589822525848,193.94194988532252
1989,5,5,52071.909,93.109,22641.052,885.561634196462,632.009599746527,228.43134339877997,223.54929264498926,559.257526125294,243.16716966136465
1990,5,5,66489.798,90.926,23240.859,1131.5566907970835,688.1621483127935,244.24140883658384,235.34881837072518,731.251765171678,255.60190704528958
1991,5,5,85698.617,135.432,33246.883,1334.108014992797,703.708701917297,231.2229845718919,202.77384262902916,632.7796754090614,245.48764693720838
1992,5,5,87632.383,127.376,29166.767,1302.118841083991,747.6342116192183,212.16038693397746,195.60084992523804,687.9819039693506,228.98165274463005
1993,5,5,102903.13,140.429,30344.736,1350.3525238940545,866.4868984665777,202.91728662099203,180.84680577066982,732.7769192972962,216.0859651496486
1994,5,5,95921.64300000001,145.55700000000002,34695.626000000004,1238.581081566132,750.6513100661971,227.6997002013603,213.2749983735606,658.9971145324512,238.36453073366448
1995,5,5,118064.681,173.156,53412.974,1420.0990975176242,940.3953939890054,278.41820054151856,279.94581804464866,681.8399651181593,308.4673589133498
1996,5,5,135965.684,175.926,56462.697,1484.9812303669237,964.5590453312891,288.05959270700595,278.04862555779647,772.8572467969489,320.94572149653834
1997,5,5,166499.459,195.776,64774.095,1719.9576112230732,1223.8943285541156,304.5241294264603,270.4579392732703,850.4589888443936,330.8582001879699
1998,5,5,203432.2,293.52799999999996,97929.145,1899.8179772845328,1517.5824181668258,314.485550757297,302.9331773651119,693.0589245319017,333.6279503147911
1999,5,5,229312.2,282.031,99880.997,2200.9536254008153,2033.1920646928888,328.1731197025116,330.49401562479954,813.0744492626698,354.14900135091534
2000,5,5,261642.09999999998,195.368,134506.968,2822.034803120298,3343.3909058865,351.43326746613826,372.3738151379879,1339.2269972564595,688.480037672495
2001,5,5,357556.0,294.551,121072.535,2848.316395445915,2467.692040964459,366.23667070232176,372.54503399453284,1213.9018370333151,411.0409912035607
2002,5,5,348172.3,283.71999999999997,105177.668,2894.2692648106454,2610.6752977703763,328.6810250848349,296.166709544636,1227.1686874383195,370.7093895389822
2003,5,5,351400.9,285.821,109650.857,2677.881387434357,2936.888973082847,335.32553049767364,300.4640901170027,1229.4439526836727,383.63471193509224
2004,5,5,372668.8,396.99399999999997,140582.538,2719.5476883371607,2751.557007415414,326.40107999909054,304.326088216542,938.7265298719881,354.117538300327
2005,5,5,434456.6,409.50100000000003,186761.642,2850.3563080110052,3030.766825341124,394.46567177151303,356.78511805389934,1060.9414873223752,456.07127210922556
2006,5,5,509603.9,442.66,239798.138,4467.792544171164,5830.612778189105,455.95191145301186,438.94009216589865,1151.2309673338455,541.7208195906564
2007,5,5,654046.1000000001,480.766,268915.281,4254.330097926151,3818.116389548694,463.85652289895006,435.92770195499816,1360.425030056202,559.3475432954909
2008,5,5,741508.7,561.06,250352.055,2891.807762716631,2705.915788822199,408.7566481387813,441.5100965759438,1321.621038748084,446.21262431825477
2009,5,5,826118.2,596.903,289674.782,3490.2946089036104,2988.216460575438,374.2500966052665,342.8048333943611,1384.0074517970256,485.296240762737
2010,5,5,866636.4,625.256,280036.331,3887.011375314574,2478.5972187142543,377.0507222350679,338.89082664806415,1386.0505137095847,447.87468013101835
2011,5,5,865093.0,643.257,272440.0,3764.4060054001297,2066.1405245864053,363.6858074738697,343.20780094149296,1344.8637169902545,423.5321185778002
2012,5,5,956519.2,622.002,236456.0,5863.285034306101,2536.1656565656567,339.9104104430259,341.3688469318948,1537.807273931595,380.15311847871874
2013,5,5,1085292.2,590.813,237983.0,6838.438315391776,2646.1819960861053,355.6068401665876,350.1700680272109,1836.9470543132936,402.8059639852204
2014,5,5,1216762.2550000001,562.344,228231.0,7652.4443627188,2681.1252485089467,360.9158694214154,356.58992325658994,2163.7329730556385,405.85655755196103
2015,5,5,1132454.3,551.8340000000001,224950.0,6492.840564033176,2286.5019531249995,351.0353196912212,327.4508591914946,2052.164781437896,407.64070354490656
2016,5,5,1236599.0,557.162,231065.0,7268.051000052579,2251.0279221713135,356.28383655089567,313.2344670396353,2219.4604082834076,414.717802003726
2017,5,5,1408066.6,571.458,248095.0,8047.780085105915,2299.0068860651227,372.45613222417165,320.49777583713126,2463.989654532792,434.1438915895832
2018,5,5,1351548.4,573.236,281169.0,6922.774586317909,2312.7057261670016,410.0707221549918,374.5224171539961,2357.7521300127696,490.49431647698333
2019,5,5,1665237.4,575.115,295848.0,8927.817330851492,2757.169985329655,429.37519147856517,413.36776859504135,2895.4859462890026,514.4153777940064
2020,5,5,2137288.37,578.795,259716.0,10586.60985818689,4019.0798939498964,385.4851356603958,349.2783505154639,3692.6517506198225,448.71845817603815
2021,5,5,2347531.0,590.007,257538.0,13011.0001008374,3507.704086338899,384.4752701482089,363.10722100656454,3978.8188953690383,436.4999059333195
2022,5,5,2066034.0,644.422,314686.0,10706.16399950472,2767.7822301964775,409.5778743573655,386.6731141199226,3206.026485750021,488.3228691757885
2023,5,5,2676742.8000000003,663.212,474491.0,12469.322584525291,3524.0573556268273,582.9058792868435,633.0524344569288,4036.0289017689674,715.4439304475794
2024,5,5,3177849.5,677.202,547332.0,13367.372847115023,4038.9146148099344,661.0097310635424,770.5405405405406,4692.616826294075,808.2256106745107
2025,5,5,3772289.3,675.822,549958.0,16525.688661536933,4587.852576982971,681.4091306292863,846.3617463617463,5581.779373858797,813.7616117853518
