year,firm_group,n_obs,n_firms,mean_emp,mean_xlr,mean_real_labor_per_employee,median_real_labor_per_employee,mean_labor_share_revenue,median_labor_share_revenue
1969,BNY Mellon / Dreyfus family,1,1,,50.551,,,0.2964242154149271,0.2964242154149271
1970,BNY Mellon / Dreyfus family,1,1,5.394,57.03,87.63933358194865,87.63933358194865,0.29553357205412156,0.29553357205412156
1971,BNY Mellon / Dreyfus family,1,1,5.115,58.125,90.37442711859794,90.37442711859794,0.3031259126371563,0.3031259126371563
1972,BNY Mellon / Dreyfus family,1,1,5.364,62.104,89.1604892456557,89.1604892456557,0.3014479247059737,0.3014479247059737
1973,BNY Mellon / Dreyfus family,1,1,5.317,65.018,88.6225012550827,88.6225012550827,0.2420400186133085,0.2420400186133085
1974,BNY Mellon / Dreyfus family,1,1,5.465,74.007,88.40837591428416,88.40837591428416,0.20623207831619075,0.20623207831619075
1975,BNY Mellon / Dreyfus family,1,1,5.397,77.416,85.80226755202828,85.80226755202828,0.2430727591847756,0.2430727591847756
1976,BNY Mellon / Dreyfus family,1,1,5.234,82.743,89.39956939329237,89.39956939329237,0.2527615195689097,0.2527615195689097
1977,BNY Mellon / Dreyfus family,1,1,5.253,83.839,84.77174674300645,84.77174674300645,0.22993905884030785,0.22993905884030785
1978,BNY Mellon / Dreyfus family,1,1,5.381,92.003,84.37590494237931,84.37590494237931,0.186135388848426,0.186135388848426
1979,BNY Mellon / Dreyfus family,1,1,5.833,104.446,79.42686494000918,79.42686494000918,0.13226353426256932,0.13226353426256932
1980,BNY Mellon / Dreyfus family,1,1,7.199,129.023,70.04225118140613,70.04225118140613,0.1175506448188995,0.1175506448188995
1981,BNY Mellon / Dreyfus family,1,1,8.042,163.45,71.96183659446595,71.96183659446595,0.10929228481388885,0.10929228481388885
1982,BNY Mellon / Dreyfus family,1,1,8.524,194.235,75.99958835631558,75.99958835631558,0.1277242547527942,0.1277242547527942
1983,BNY Mellon / Dreyfus family,1,1,8.251,207.861,81.44871930082225,81.44871930082225,0.15517133263360003,0.15517133263360003
1984,BNY Mellon / Dreyfus family,1,1,7.457,214.253,89.00459049474573,89.00459049474573,0.13586500565964152,0.13586500565964152
1985,BNY Mellon / Dreyfus family,1,1,7.616,224.881,88.35233893997467,88.35233893997467,0.14109215432481795,0.14109215432481795
1986,BNY Mellon / Dreyfus family,1,1,9.304,284.355,89.70611034206934,89.70611034206934,0.16251030137744132,0.16251030137744132
1987,BNY Mellon / Dreyfus family,1,1,10.249,340.751,94.21457561033021,94.21457561033021,0.15918659276755415,0.15918659276755415
1988,BNY Mellon / Dreyfus family,1,1,17.776,407.561,62.41228956329367,62.41228956329367,0.15553513442139477,0.15553513442139477
1989,BNY Mellon / Dreyfus family,1,1,14.883,700.92,122.3390581112114,122.3390581112114,0.1275154427728696,0.1275154427728696
1990,BNY Mellon / Dreyfus family,1,1,13.847,679.457,120.91318603560362,120.91318603560362,0.12740435864862204,0.12740435864862204
1991,BNY Mellon / Dreyfus family,1,1,13.226,594.0,106.19195453634316,106.19195453634316,0.140625,0.140625
1992,BNY Mellon / Dreyfus family,1,1,14.13,668.0,108.48141182981384,108.48141182981384,0.18643594753000278,0.18643594753000278
1993,BNY Mellon / Dreyfus family,1,1,15.621,813.0,115.98277727236731,115.98277727236731,0.21406003159557663,0.21406003159557663
1994,BNY Mellon / Dreyfus family,1,1,15.477,852.0,119.57374931627697,119.57374931627697,0.20042357122340945,0.20042357122340945
1995,BNY Mellon / Dreyfus family,1,1,15.81,913.0,122.01295129194347,122.01295129194347,0.1713910268443777,0.1713910268443777
1996,BNY Mellon / Dreyfus family,1,1,16.158,1014.0,128.8093085422774,128.8093085422774,0.17748993523542797,0.17748993523542797
1997,BNY Mellon / Dreyfus family,1,1,16.494,1066.0,129.62627161233738,129.62627161233738,0.18711602597858523,0.18711602597858523
1998,BNY Mellon / Dreyfus family,1,1,17.157,1178.0,135.61215771660616,135.61215771660616,0.20334886932504748,0.20334886932504748
1999,BNY Mellon / Dreyfus family,1,1,17.735,1251.0,136.33239453876155,136.33239453876155,0.20609555189456344,0.20609555189456344
2000,BNY Mellon / Dreyfus family,1,1,18.861,1488.0,147.51309679088823,147.51309679088823,0.1987710392733102,0.1987710392733102
2001,BNY Mellon / Dreyfus family,1,1,19.181,1588.0,150.55953240079745,150.55953240079745,0.2217877094972067,0.2217877094972067
2002,BNY Mellon / Dreyfus family,1,1,19.435,1581.0,145.6133296022363,145.6133296022363,0.27466990965948573,0.27466990965948573
2003,BNY Mellon / Dreyfus family,1,1,22.901,2002.0,152.96648855280668,152.96648855280668,0.3159722222222222,0.3159722222222222
2004,BNY Mellon / Dreyfus family,1,1,23.363,2324.0,169.53559398926507,169.53559398926507,0.32764697589172426,0.32764697589172426
2005,BNY Mellon / Dreyfus family,1,1,23.451,2549.0,179.21933027161725,179.21933027161725,0.30666506256015397,0.30666506256015397
2006,BNY Mellon / Dreyfus family,1,1,22.961,2640.0,183.66096574221132,183.66096574221132,0.2924559654370223,0.2924559654370223
2007,BNY Mellon / Dreyfus family,1,1,42.1,4120.0,151.9594778092325,151.9594778092325,0.27871735895007443,0.27871735895007443
2008,BNY Mellon / Dreyfus family,1,1,42.9,5115.0,178.33685552743364,178.33685552743364,0.3039576895650107,0.3039576895650107
2009,BNY Mellon / Dreyfus family,1,1,42.2,4700.0,167.12125741084367,167.12125741084367,0.5677014132141563,0.5677014132141563
2010,BNY Mellon / Dreyfus family,1,1,48.0,5215.0,160.40184697596968,160.40184697596968,0.3600773320444659,0.3600773320444659
2011,BNY Mellon / Dreyfus family,1,1,48.7,5726.0,168.3034462740341,168.3034462740341,0.3758204253084799,0.3758204253084799
2012,BNY Mellon / Dreyfus family,1,1,49.5,5761.0,163.2118212452124,163.2118212452124,0.3818013122141958,0.3818013122141958
2013,BNY Mellon / Dreyfus family,1,1,51.1,6019.0,162.79533649664162,162.79533649664162,0.39273130627691505,0.39273130627691505
2014,BNY Mellon / Dreyfus family,1,1,50.3,5845.0,158.05027122492965,158.05027122492965,0.38428665351742275,0.38428665351742275
2015,BNY Mellon / Dreyfus family,1,1,51.2,5837.0,154.87191676884675,154.87191676884675,0.37672647476442495,0.37672647476442495
2016,BNY Mellon / Dreyfus family,1,1,52.0,5733.0,147.8979140148826,147.8979140148826,0.3657649610820467,0.3657649610820467
2017,BNY Mellon / Dreyfus family,1,1,52.5,5972.0,149.41165275543483,149.41165275543483,0.3593909851357044,0.3593909851357044
2018,BNY Mellon / Dreyfus family,1,1,51.3,6145.0,153.59008052283028,153.59008052283028,0.3198355280278978,0.3198355280278978
2019,BNY Mellon / Dreyfus family,1,1,48.4,6063.0,157.75986099093512,157.75986099093512,0.303043934622882,0.303043934622882
2020,BNY Mellon / Dreyfus family,1,1,48.5,5966.0,152.99885752246533,152.99885752246533,0.3521841794569067,0.3521841794569067
2021,BNY Mellon / Dreyfus family,1,1,49.1,6337.0,153.34867278814545,153.34867278814545,0.39218962742913727,0.39218962742913727
2022,BNY Mellon / Dreyfus family,1,1,51.7,6800.0,144.71359560526054,144.71359560526054,0.34015306888099645,0.34015306888099645
2023,BNY Mellon / Dreyfus family,1,1,53.4,7095.0,140.39088330146646,140.39088330146646,0.20988019523739093,0.20988019523739093
2024,BNY Mellon / Dreyfus family,1,1,51.8,7130.0,141.2707606086167,141.2707606086167,0.17863406323595732,0.17863406323595732
2025,BNY Mellon / Dreyfus family,1,1,48.1,7159.0,148.83575883575884,148.83575883575884,0.1758535986244166,0.1758535986244166
1958,Bank of America / Merrill Lynch family,1,1,,,,,,
1959,Bank of America / Merrill Lynch family,1,1,0.645,3.17,54.28320511751204,54.28320511751204,0.3842424242424242,0.3842424242424242
1960,Bank of America / Merrill Lynch family,1,1,1.552,6.8,47.68152270101921,47.68152270101921,,
1961,Bank of America / Merrill Lynch family,1,1,1.574,8.26,56.50467969217985,56.50467969217985,,
1962,Bank of America / Merrill Lynch family,1,1,1.738,8.82,54.007002588963964,54.007002588963964,,
1963,Bank of America / Merrill Lynch family,1,1,1.8,9.616,56.14772792561084,56.14772792561084,0.3361885116945775,0.3361885116945775
1964,Bank of America / Merrill Lynch family,1,1,1.79,9.858,57.127061295649895,57.127061295649895,0.3156378073770492,0.3156378073770492
1965,Bank of America / Merrill Lynch family,1,1,1.932,9.887,52.25897562943021,52.25897562943021,0.2757572376861717,0.2757572376861717
1966,Bank of America / Merrill Lynch family,1,1,2.126,10.959,51.111511706814674,51.111511706814674,0.25729579977930644,0.25729579977930644
1967,Bank of America / Merrill Lynch family,1,1,2.319,15.132,62.94754594743164,62.94754594743164,0.2803831829383535,0.2803831829383535
1968,Bank of America / Merrill Lynch family,1,1,2.526,17.635,64.60578055463249,64.60578055463249,0.2787216892415167,0.2787216892415167
1969,Bank of America / Merrill Lynch family,1,1,2.918,24.336,73.19806673615889,73.19806673615889,0.26229225496324715,0.26229225496324715
1970,Bank of America / Merrill Lynch family,1,1,,29.104,,,0.26038721683426974,0.26038721683426974
1971,Bank of America / Merrill Lynch family,1,1,3.34,32.742,77.96271717338556,77.96271717338556,0.25708430499611334,0.25708430499611334
1972,Bank of America / Merrill Lynch family,1,1,3.964,39.538,76.81087106041093,76.81087106041093,0.2320781850732251,0.2320781850732251
1973,Bank of America / Merrill Lynch family,1,1,4.333,45.922,76.80847856712441,76.80847856712441,0.1637895367583068,0.1637895367583068
1974,Bank of America / Merrill Lynch family,1,1,4.443,48.784,71.68229030187678,71.68229030187678,0.1365485004128588,0.1365485004128588
1975,Bank of America / Merrill Lynch family,1,1,4.312,51.746,71.78248475750789,71.78248475750789,0.17997106328515186,0.17997106328515186
1976,Bank of America / Merrill Lynch family,1,1,4.29,53.824,70.9506796273771,70.9506796273771,0.18864829626306454,0.18864829626306454
1977,Bank of America / Merrill Lynch family,1,1,4.371,58.406,70.97233615071377,70.97233615071377,0.18432106440791363,0.18432106440791363
1978,Bank of America / Merrill Lynch family,1,1,4.552,65.286,70.77783176775196,70.77783176775196,0.16461297569609912,0.16461297569609912
1979,Bank of America / Merrill Lynch family,1,1,4.727,78.185,73.36778759712513,73.36778759712513,0.1394957563387293,0.1394957563387293
1980,Bank of America / Merrill Lynch family,1,1,4.857,91.036,73.2504332116205,73.2504332116205,0.12274163799333412,0.12274163799333412
1981,Bank of America / Merrill Lynch family,1,1,5.018,104.079,73.43681559349551,73.43681559349551,0.10727217070538726,0.10727217070538726
1982,Bank of America / Merrill Lynch family,1,1,7.784,130.891,56.083376124479784,56.083376124479784,0.12218518349107725,0.12218518349107725
1983,Bank of America / Merrill Lynch family,1,1,7.635,174.792,74.01680678507297,74.01680678507297,0.13955605092591852,0.13955605092591852
1984,Bank of America / Merrill Lynch family,1,1,9.329,208.937,69.37929770031658,69.37929770031658,0.12716558604189454,0.12716558604189454
1985,Bank of America / Merrill Lynch family,1,1,9.981,269.766,80.87333998520813,80.87333998520813,0.13936857767238572,0.13936857767238572
1986,Bank of America / Merrill Lynch family,1,1,12.107,333.352,80.81600561264936,80.81600561264936,0.1452274330295781,0.1452274330295781
1987,Bank of America / Merrill Lynch family,1,1,12.334,357.848,82.21614330266412,82.21614330266412,0.14541098489927842,0.14541098489927842
1988,Bank of America / Merrill Lynch family,1,1,12.979,366.723,76.9145411456218,76.9145411456218,0.1294238054988433,0.1294238054988433
1989,Bank of America / Merrill Lynch family,1,1,27.002,834.566,80.28823610472985,80.28823610472985,0.13825837709926547,0.13825837709926547
1990,Bank of America / Merrill Lynch family,1,1,28.393,846.321,73.44990098586648,73.44990098586648,0.12665193013320794,0.12665193013320794
1991,Bank of America / Merrill Lynch family,1,1,57.177,1822.0,75.34608576660858,75.34608576660858,0.15715025012937725,0.15715025012937725
1992,Bank of America / Merrill Lynch family,1,1,50.828,1807.0,81.57858335790365,81.57858335790365,0.18175417421042045,0.18175417421042045
1993,Bank of America / Merrill Lynch family,1,1,57.463,1903.0,73.80100625973044,73.80100625973044,0.18312163202463433,0.18312163202463433
1994,Bank of America / Merrill Lynch family,1,1,61.484,2311.0,81.64335940611694,81.64335940611694,0.17623732174178297,0.17623732174178297
1995,Bank of America / Merrill Lynch family,1,1,58.322,2491.0,90.2419234593161,90.2419234593161,0.15256936363079562,0.15256936363079562
1996,Bank of America / Merrill Lynch family,1,1,62.971,2731.0,89.01803590126235,89.01803590126235,0.15597692615226455,0.15597692615226455
1997,Bank of America / Merrill Lynch family,1,1,80.36,3643.0,90.92452867393273,90.92452867393273,0.1676175577436275,0.1676175577436275
1998,Bank of America / Merrill Lynch family,1,1,170.975,9412.0,108.72864929989895,108.72864929989895,0.1817198903347878,0.1817198903347878
1999,Bank of America / Merrill Lynch family,1,1,155.906,9308.0,115.38955306876873,115.38955306876873,0.18064666382020728,0.18064666382020728
2000,Bank of America / Merrill Lynch family,1,1,142.724,9400.0,123.14682211381471,123.14682211381471,0.1623909475684547,0.1623909475684547
2001,Bank of America / Merrill Lynch family,1,1,142.67,9829.0,125.28690427443328,125.28690427443328,0.184925965645049,0.184925965645049
2002,Bank of America / Merrill Lynch family,1,1,133.944,9682.0,129.38848318937426,129.38848318937426,0.20883482162115527,0.20883482162115527
2003,Bank of America / Merrill Lynch family,1,1,133.549,10446.0,136.8661503481557,136.8661503481557,0.21315757254213769,0.21315757254213769
2004,Bank of America / Merrill Lynch family,1,1,175.742,13473.0,130.65984021647202,130.65984021647202,0.20586123122526626,0.20586123122526626
2005,Bank of America / Merrill Lynch family,1,1,176.638,15054.0,140.52194561246526,140.52194561246526,0.17697263237092073,0.17697263237092073
2006,Bank of America / Merrill Lynch family,1,1,203.425,18211.0,142.99906737272747,142.99906737272747,0.157413410090847,0.157413410090847
2007,Bank of America / Merrill Lynch family,1,1,209.718,18753.0,138.8505865038533,138.8505865038533,0.15733702491819784,0.15733702491819784
2008,Bank of America / Merrill Lynch family,1,1,243.075,18371.0,113.04341311789017,113.04341311789017,0.1624228599720616,0.1624228599720616
2009,Bank of America / Merrill Lynch family,1,1,284.0,31528.0,166.58057982768293,166.58057982768293,0.20955799268860087,0.20955799268860087
2010,Bank of America / Merrill Lynch family,1,1,288.0,35149.0,180.184228806595,180.184228806595,0.26192676274647153,0.26192676274647153
2011,Bank of America / Merrill Lynch family,1,1,282.0,36965.0,187.63429882916046,187.63429882916046,0.2845365744767652,0.2845365744767652
2012,Bank of America / Merrill Lynch family,1,1,267.19,35648.0,187.10005015105256,187.10005015105256,0.35752396999237773,0.35752396999237773
2013,Bank of America / Merrill Lynch family,1,1,242.117,34719.0,198.1894079687784,198.1894079687784,0.3413965013717219,0.3413965013717219
2014,Bank of America / Merrill Lynch family,1,1,223.715,33787.0,205.4155148998732,205.4155148998732,0.354976308296824,0.354976308296824
2015,Bank of America / Merrill Lynch family,1,1,213.28,32868.0,209.3515049973782,209.3515049973782,0.3532066712517194,0.3532066712517194
2016,Bank of America / Merrill Lynch family,1,1,208.024,31616.0,203.88108233693808,203.88108233693808,0.33755418419423033,0.33755418419423033
2017,Bank of America / Merrill Lynch family,1,1,209.376,31642.0,198.50022426827903,198.50022426827903,0.3151060079468616,0.3151060079468616
2018,Bank of America / Merrill Lynch family,1,1,204.489,31880.0,199.89733654374882,199.89733654374882,0.2863996119051683,0.2863996119051683
2019,Bank of America / Merrill Lynch family,1,1,208.131,31977.0,193.48854303034304,193.48854303034304,0.28151493542508516,0.28151493542508516
2020,Bank of America / Merrill Lynch family,1,1,212.505,32725.0,191.53898412147544,191.53898412147544,0.34905549689076615,0.34905549689076615
2021,Bank of America / Merrill Lynch family,1,1,208.248,36140.0,206.19831671689994,206.19831671689994,0.38507847545577567,0.38507847545577567
2022,Bank of America / Merrill Lynch family,1,1,216.823,36447.0,184.94704739077562,184.94704739077562,0.31678443847618054,0.31678443847618054
2023,Bank of America / Merrill Lynch family,1,1,212.985,38330.0,190.1592976897245,190.1592976897245,0.22090691133754436,0.22090691133754436
2024,Bank of America / Merrill Lynch family,1,1,213.193,40182.0,193.44215500772575,193.44215500772575,0.208809254081919,0.208809254081919
2025,Bank of America / Merrill Lynch family,1,1,213.207,42346.0,198.6144920194928,198.6144920194928,0.22105059848512532,0.22105059848512532
1958,JPMorgan family,1,1,,,,,,
1959,JPMorgan family,1,1,,47.098,,,0.3444901183457921,0.3444901183457921
1960,JPMorgan family,1,1,7.405,51.732,76.02687266626053,76.02687266626053,0.30602502292289036,0.30602502292289036
1961,JPMorgan family,1,1,7.92,55.26,75.12678381987608,75.12678381987608,0.32103269583807775,0.32103269583807775
1962,JPMorgan family,1,1,8.247,58.706,75.75612589076786,75.75612589076786,0.30489654312780456,0.30489654312780456
1963,JPMorgan family,1,1,8.302,61.887,78.34782394913988,78.34782394913988,,
1964,JPMorgan family,1,1,8.314,65.791,82.08476674487076,82.08476674487076,,
1965,JPMorgan family,1,1,8.348,68.403,83.67509023117427,83.67509023117427,0.25086920165478394,0.25086920165478394
1966,JPMorgan family,1,1,9.035,75.793,83.17867537210641,83.17867537210641,0.25618552519503,0.25618552519503
1967,JPMorgan family,1,1,9.707,82.929,82.4146879108439,82.4146879108439,0.2351248362640416,0.2351248362640416
1968,JPMorgan family,1,1,11.049,99.357,83.2156014484299,83.2156014484299,0.23734072895615657,0.23734072895615657
1969,JPMorgan family,1,1,12.079,119.19,86.60531392145158,86.60531392145158,0.21406865139802866,0.21406865139802866
1970,JPMorgan family,1,1,,136.684,,,0.20549164406545234,0.20549164406545234
1971,JPMorgan family,1,1,12.5,153.369,97.57887400977583,97.57887400977583,0.23966752301835845,0.23966752301835845
1972,JPMorgan family,1,1,12.6,157.629,96.3401269362091,96.3401269362091,0.226537361009113,0.226537361009113
1973,JPMorgan family,1,1,12.0,162.959,98.41791548217118,98.41791548217118,0.1417616621778678,0.1417616621778678
1974,JPMorgan family,1,1,13.158,192.821,95.6698797116115,95.6698797116115,0.10760562814362001,0.10760562814362001
1975,JPMorgan family,1,1,15.748,252.579,95.93835967613074,95.93835967613074,0.14113121097405953,0.14113121097405953
1976,JPMorgan family,1,1,15.543,270.33,98.35518954428771,98.35518954428771,0.15748228739337772,0.15748228739337772
1977,JPMorgan family,1,1,16.285,292.973,95.55474954729101,95.55474954729101,0.1565667361751657,0.1565667361751657
1978,JPMorgan family,1,1,17.237,336.773,96.41731449034427,96.41731449034427,0.14153955944381588,0.14153955944381588
1979,JPMorgan family,1,1,17.494,381.809,96.81098171346733,96.81098171346733,0.11664337723803059,0.11664337723803059
1980,JPMorgan family,1,1,18.223,441.412,94.66499017225478,94.66499017225478,0.10277362500940046,0.10277362500940046
1981,JPMorgan family,1,1,19.713,519.48,93.30340488719064,93.30340488719064,0.092165211837343,0.092165211837343
1982,JPMorgan family,1,1,19.535,603.518,103.03956179236688,103.03956179236688,0.11083742847204649,0.11083742847204649
1983,JPMorgan family,1,1,19.464,651.409,108.20304765489172,108.20304765489172,0.13285271255222564,0.13285271255222564
1984,JPMorgan family,1,1,20.126,704.986,108.51072421536031,108.51072421536031,0.12036623477379577,0.12036623477379577
1985,JPMorgan family,1,1,19.691,760.651,115.58723925537524,115.58723925537524,0.13461520083503256,0.13461520083503256
1986,JPMorgan family,1,1,20.993,864.517,120.87316404783246,120.87316404783246,0.15752794767806186,0.15752794767806186
1987,JPMorgan family,1,1,28.597,1134.4,112.41083990173921,112.41083990173921,0.16793986023862442,0.16793986023862442
1988,JPMorgan family,1,1,27.225,1240.2,124.00390900944122,124.00390900944122,0.16224496163460034,0.16224496163460034
1989,JPMorgan family,1,1,29.139,1355.9,120.87602763457363,120.87602763457363,0.1648090450373929,0.1648090450373929
1990,JPMorgan family,1,1,26.689,1335.3,123.28604683499816,123.28604683499816,0.1676144062780903,0.1676144062780903
1991,JPMorgan family,1,1,43.169,2369.0,129.75579414344637,129.75579414344637,0.16768120045300114,0.16768120045300114
1992,JPMorgan family,1,1,39.687,2349.0,135.8175129884508,135.8175129884508,0.19295219319862,0.19295219319862
1993,JPMorgan family,1,1,41.567,2466.0,132.20752697754546,132.20752697754546,0.19843888307717067,0.19843888307717067
1994,JPMorgan family,1,1,42.13,2644.0,136.31794377887584,136.31794377887584,0.20843515963736697,0.20843515963736697
1995,JPMorgan family,1,1,72.696,5107.0,148.43023236347312,148.43023236347312,0.1936817354368932,0.1936817354368932
1996,JPMorgan family,1,1,67.785,5158.0,156.18691079484717,156.18691079484717,0.18810400787717443,0.18810400787717443
1997,JPMorgan family,1,1,69.033,5437.0,157.96628372783366,157.96628372783366,0.1789605345446167,0.1789605345446167
1998,JPMorgan family,1,1,72.683,5879.0,159.7589886173815,159.7589886173815,0.18156830044164426,0.18156830044164426
1999,JPMorgan family,1,1,74.801,6642.0,171.61862305855016,171.61862305855016,0.19800858573813498,0.19800858573813498
2000,JPMorgan family,1,1,,12748.0,,,0.21630977025146775,0.21630977025146775
2001,JPMorgan family,1,1,95.812,11944.0,226.70384886464197,226.70384886464197,0.23684784548573243,0.23684784548573243
2002,JPMorgan family,1,1,94.335,10983.0,208.4020263619038,208.4020263619038,0.25322788896061976,0.25322788896061976
2003,JPMorgan family,1,1,93.453,11695.0,218.9745535199385,218.9745535199385,0.2636205847215021,0.2636205847215021
2004,JPMorgan family,1,1,160.968,14506.0,153.58949150153575,153.58949150153575,0.2547996697756934,0.2547996697756934
2005,JPMorgan family,1,1,168.847,18255.0,178.26450184116754,178.26450184116754,0.2284673725313509,0.2284673725313509
2006,JPMorgan family,1,1,174.36,21191.0,194.1370054956762,194.1370054956762,0.21339952871039858,0.21339952871039858
2007,JPMorgan family,1,1,180.667,22689.0,195.0065479097329,195.0065479097329,0.19500141809837304,0.19500141809837304
2008,JPMorgan family,1,1,224.961,22746.0,151.2343903215656,151.2343903215656,0.22411839473450848,0.22411839473450848
2009,JPMorgan family,1,1,222.316,26928.0,181.75219580619782,181.75219580619782,0.2328767123287671,0.2328767123287671
2010,JPMorgan family,1,1,239.831,28124.0,173.12829830432267,173.12829830432267,0.24355055206754708,0.24355055206754708
2011,JPMorgan family,1,1,260.157,29037.0,159.76691714577905,159.76691714577905,0.2619769393168408,0.2619769393168408
2012,JPMorgan family,1,1,258.965,30585.0,165.625174130426,165.625174130426,0.2856168988831198,0.2856168988831198
2013,JPMorgan family,1,1,251.196,30810.0,169.51865400845708,169.51865400845708,0.29123735702807446,0.29123735702807446
2014,JPMorgan family,1,1,241.359,30160.0,169.95993425128486,169.95993425128486,0.29539088362617777,0.29539088362617777
2015,JPMorgan family,1,1,234.598,29750.0,172.27236101198926,172.27236101198926,0.2960434661465589,0.2960434661465589
2016,JPMorgan family,1,1,243.355,29979.0,165.25717290766497,165.25717290766497,0.2841988510323645,0.2841988510323645
2017,JPMorgan family,1,1,252.539,31009.0,161.28102645619308,161.28102645619308,0.27380048386811945,0.27380048386811945
2018,JPMorgan family,1,1,256.105,33117.0,165.80269165586972,165.80269165586972,0.2520089489544334,0.2520089489544334
2019,JPMorgan family,1,1,256.981,34155.0,167.381549229949,167.381549229949,0.23981547794582297,0.23981547794582297
2020,JPMorgan family,1,1,255.351,34988.0,170.42301031189487,170.42301031189487,0.27017134738191395,0.27017134738191395
2021,JPMorgan family,1,1,271.025,38567.0,169.07691355456012,169.07691355456012,0.30319491831889434,0.30319491831889434
2022,JPMorgan family,1,1,293.723,41636.0,155.9631540021834,155.9631540021834,0.2689803090598997,0.2689803090598997
2023,JPMorgan family,1,1,309.926,46465.0,158.41477836553057,158.41477836553057,0.19662647951216827,0.19662647951216827
2024,JPMorgan family,1,1,317.233,51357.0,166.1551480426963,166.1551480426963,0.1842053349497674,0.1842053349497674
2025,JPMorgan family,1,1,318.512,54487.0,171.06733812226855,171.06733812226855,0.19479330895154745,0.19479330895154745
1950,S&P Global,1,1,3.3,,,,,
1951,S&P Global,1,1,3.6,,,,,
1952,S&P Global,1,1,3.7,,,,,
1953,S&P Global,1,1,3.8,,,,,
1954,S&P Global,1,1,3.9,,,,,
1955,S&P Global,1,1,4.0,,,,,
1956,S&P Global,1,1,4.4,,,,,
1957,S&P Global,1,1,4.8,,,,,
1958,S&P Global,1,1,4.8,,,,,
1959,S&P Global,1,1,4.9,,,,,
1960,S&P Global,1,1,5.1,,,,,
1961,S&P Global,1,1,7.2,,,,,
1962,S&P Global,1,1,7.4,,,,,
1963,S&P Global,1,1,7.8,,,,,
1964,S&P Global,1,1,8.3,59.238,74.03351952040367,74.03351952040367,0.3063168345502306,0.3063168345502306
1965,S&P Global,1,1,8.9,65.93,75.64784306024119,75.64784306024119,0.3049519422011305,0.3049519422011305
1966,S&P Global,1,1,11.4,86.52,75.252809537697,75.252809537697,0.281268895925307,0.281268895925307
1967,S&P Global,1,1,12.3,96.7,75.84109280251127,75.84109280251127,0.29456202556323186,0.29456202556323186
1968,S&P Global,1,1,12.9,110.92,79.57000965071971,79.57000965071971,0.30132379268097226,0.30132379268097226
1969,S&P Global,1,1,13.3,122.0,80.50889973270709,80.50889973270709,0.3063079348819459,0.3063079348819459
1970,S&P Global,1,1,12.323,121.0,81.39084528100047,81.39084528100047,0.30647575675449773,0.30647575675449773
1971,S&P Global,1,1,11.987,124.0,82.26960446468179,82.26960446468179,0.3062151803706191,0.3062151803706191
1972,S&P Global,1,1,11.986,130.0,83.52389098520366,83.52389098520366,0.3022679396022154,0.3022679396022154
1973,S&P Global,1,1,12.243,137.0,81.09793111450462,81.09793111450462,0.29132572342343876,0.29132572342343876
1974,S&P Global,1,1,12.314,147.0,77.93435843929673,77.93435843929673,0.28801956181840266,0.28801956181840266
1975,S&P Global,1,1,11.801,155.0,78.5657649268167,78.5657649268167,0.2889230625844634,0.2889230625844634
1976,S&P Global,1,1,11.466,162.0,79.89892927413837,79.89892927413837,0.27468614564469856,0.27468614564469856
1977,S&P Global,1,1,11.886,176.0,78.64830822702949,78.64830822702949,0.2670615941149336,0.2670615941149336
1978,S&P Global,1,1,13.24,203.0,75.66368692600547,75.66368692600547,0.2666838325225532,0.2666838325225532
1979,S&P Global,1,1,14.351,234.0,72.32713759989304,72.32713759989304,0.2659435426862116,0.2659435426862116
1980,S&P Global,1,1,14.226,275.0,75.54661735091727,75.54661735091727,0.2749598558610443,0.2749598558610443
1981,S&P Global,1,1,14.258,301.0,74.74622568970153,74.74622568970153,0.2711406373156176,0.2711406373156176
1982,S&P Global,1,1,14.196,325.0,76.35624475662458,76.35624475662458,0.27228848839674025,0.27228848839674025
1983,S&P Global,1,1,13.726,349.0,82.20519560487945,82.20519560487945,0.26946165576080455,0.26946165576080455
1984,S&P Global,1,1,14.792,381.0,79.78986224782433,79.78986224782433,0.27179767409675426,0.27179767409675426
1985,S&P Global,1,1,14.345,426.0,88.8589688211294,88.8589688211294,0.28567443307707574,0.28567443307707574
1986,S&P Global,1,1,15.232,445.0,85.74996246089826,85.74996246089826,0.2822110634347052,0.2822110634347052
1987,S&P Global,1,1,15.892,496.0,88.44342865893718,88.44342865893718,0.2832295015503389,0.2832295015503389
1988,S&P Global,1,1,16.255,524.0,87.75176295910973,87.75176295910973,0.2882350061414959,0.2882350061414959
1989,S&P Global,1,1,14.461,519.0,93.23010937865459,93.23010937865459,0.2901122046682911,0.2901122046682911
1990,S&P Global,1,1,13.868,541.0,96.12820038306111,96.12820038306111,0.27906189809546705,0.27906189809546705
1991,S&P Global,1,1,13.539,553.0,96.57667091873185,96.57667091873185,0.2846096678764722,0.2846096678764722
1992,S&P Global,1,1,13.393,578.0,99.03096194809802,99.03096194809802,0.2818837049272589,0.2818837049272589
1993,S&P Global,1,1,15.661,,,,,
1994,S&P Global,1,1,15.339,,,,,
1995,S&P Global,1,1,15.004,,,,,
1996,S&P Global,1,1,16.22,,,,,
1997,S&P Global,1,1,15.69,,,,,
1998,S&P Global,1,1,15.897,,,,,
1999,S&P Global,1,1,16.376,,,,,
2000,S&P Global,1,1,16.761,,,,,
2001,S&P Global,1,1,17.135,,,,,
2002,S&P Global,1,1,16.505,1300.0,140.98783164687225,140.98783164687225,0.27153094157740265,0.27153094157740265
2003,S&P Global,1,1,16.068,,,,,
2004,S&P Global,1,1,17.253,,,,,
2005,S&P Global,1,1,19.6,,,,,
2006,S&P Global,1,1,20.214,,,,,
2007,S&P Global,1,1,21.171,,,,,
2008,S&P Global,1,1,21.649,,,,,
2009,S&P Global,1,1,21.077,,,,,
2010,S&P Global,1,1,20.755,,,,,
2011,S&P Global,1,1,22.66,,,,,
2012,S&P Global,1,1,16.687,,,,,
2013,S&P Global,1,1,17.0,,,,,
2014,S&P Global,1,1,17.0,,,,,
2015,S&P Global,1,1,20.4,,,,,
2016,S&P Global,1,1,20.0,,,,,
2017,S&P Global,1,1,20.4,,,,,
2018,S&P Global,1,1,21.2,,,,,
2019,S&P Global,1,1,22.5,,,,,
2020,S&P Global,1,1,23.0,,,,,
2021,S&P Global,1,1,22.85,,,,,
2022,S&P Global,1,1,39.95,,,,,
2023,S&P Global,1,1,40.45,,,,,
2024,S&P Global,1,1,42.35,,,,,
2025,S&P Global,1,1,44.5,,,,,
1963,State Street family,1,1,1.787,11.327,66.6193797960374,66.6193797960374,0.3873008274635848,0.3873008274635848
1964,State Street family,1,1,1.839,11.82,66.67174903097069,66.67174903097069,0.3712894612847495,0.3712894612847495
1965,State Street family,1,1,1.86,12.721,69.84121545470204,69.84121545470204,0.3552458879052752,0.3552458879052752
1966,State Street family,1,1,2.164,15.55,71.24988969005034,71.24988969005034,0.34933614899018267,0.34933614899018267
1967,State Street family,1,1,2.117,17.032,77.6118454053788,77.6118454053788,0.33476158654035143,0.33476158654035143
1968,State Street family,1,1,2.7,19.826,67.95174248448558,67.95174248448558,0.3087440629136495,0.3087440629136495
1969,State Street family,1,1,3.769,27.699,64.5020703455719,64.5020703455719,0.3350550381033023,0.3350550381033023
1970,State Street family,1,1,3.6,33.461,77.04475034034834,77.04475034034834,0.3495059433035994,0.3495059433035994
1971,State Street family,1,1,3.2,33.217,82.55410200395787,82.55410200395787,0.3570990872832432,0.3570990872832432
1972,State Street family,1,1,2.8,30.997,85.25174375202236,85.25174375202236,0.342387222197676,0.342387222197676
1973,State Street family,1,1,3.143,32.732,75.47536447074114,75.47536447074114,0.26520178572875397,0.26520178572875397
1974,State Street family,1,1,3.1,37.202,78.34573760969813,78.34573760969813,0.21901437057358664,0.21901437057358664
1975,State Street family,1,1,3.0,38.914,77.58987911666597,77.58987911666597,0.255722105761206,0.255722105761206
1976,State Street family,1,1,2.9,40.272,78.5313534860843,78.5313534860843,0.2755751413047941,0.2755751413047941
1977,State Street family,1,1,2.9,42.713,78.23021449849726,78.23021449849726,0.28335168698836427,0.28335168698836427
1978,State Street family,1,1,3.0,46.655,76.74611249782279,76.74611249782279,0.2639693568098493,0.2639693568098493
1979,State Street family,1,1,3.1,53.215,76.14474867866848,76.14474867866848,0.214729001226677,0.214729001226677
1980,State Street family,1,1,3.3,60.725,71.91487293158536,71.91487293158536,0.19200670323937205,0.19200670323937205
1981,State Street family,1,1,3.5,71.998,72.83393442834291,72.83393442834291,0.17882326058501669,0.17882326058501669
1982,State Street family,1,1,3.8,89.905,78.9091635563159,78.9091635563159,0.19279761879232626,0.19279761879232626
1983,State Street family,1,1,3.6,100.563,90.31368330239637,90.31368330239637,0.22711422673706938,0.22711422673706938
1984,State Street family,1,1,3.91,107.071,84.82907653179393,84.82907653179393,0.22221000070561964,0.22221000070561964
1985,State Street family,1,1,4.716,131.2,83.24386978270459,83.24386978270459,0.24027499766501045,0.24027499766501045
1986,State Street family,1,1,5.423,160.945,87.11014636053162,87.11014636053162,0.251363056369858,0.251363056369858
1987,State Street family,1,1,6.943,201.808,82.36707874029482,82.36707874029482,0.2666310820327106,0.2666310820327106
1988,State Street family,1,1,7.298,245.099,91.42168414758713,91.42168414758713,0.2732957415421257,0.2732957415421257
1989,State Street family,1,1,7.624,264.803,90.22505913445983,90.22505913445983,0.2425006959910913,0.2425006959910913
1990,State Street family,1,1,8.129,299.973,90.9310953788026,90.9310953788026,0.22718549396086607,0.22718549396086607
1991,State Street family,1,1,8.321,336.764,95.69380535607077,95.69380535607077,0.24800883147220906,0.24800883147220906
1992,State Street family,1,1,9.338,409.888,100.72386039826885,100.72386039826885,0.28920831228356364,0.28920831228356364
1993,State Street family,1,1,10.117,479.168,105.54747492426361,105.54747492426361,0.3127150793946027,0.3127150793946027
1994,State Street family,1,1,11.127,571.136,111.49219929347612,111.49219929347612,0.30286780926522994,0.30286780926522994
1995,State Street family,1,1,11.324,650.604,121.39027432810002,121.39027432810002,0.26493724169693994,0.26493724169693994
1996,State Street family,1,1,12.792,775.0,124.35411167939357,124.35411167939357,0.28233151183970856,0.28233151183970856
1997,State Street family,1,1,14.199,973.0,137.44118672750898,137.44118672750898,0.2838389731621937,0.2838389731621937
1998,State Street family,1,1,16.816,1175.0,138.00977721032012,138.00977721032012,0.2775153519130846,0.2775153519130846
1999,State Street family,1,1,17.213,1313.0,147.42838332651377,147.42838332651377,0.2764792587913245,0.2764792587913245
2000,State Street family,1,1,17.022,1524.0,167.40435236504362,167.40435236504362,0.25738895456848504,0.25738895456848504
2001,State Street family,1,1,19.753,1663.0,153.10458266005938,153.10458266005938,0.29242131176367153,0.29242131176367153
2002,State Street family,1,1,19.501,1670.0,153.28984901854403,153.28984901854403,0.3408163265306122,0.3408163265306122
2003,State Street family,1,1,19.85,1731.0,152.58900028374867,152.58900028374867,0.33821805392731535,0.33821805392731535
2004,State Street family,1,1,19.668,1957.0,169.58365977639397,169.58365977639397,0.33390206449411364,0.33390206449411364
2005,State Street family,1,1,20.965,2231.0,175.46119579596967,175.46119579596967,0.2982620320855615,0.2982620320855615
2006,State Street family,1,1,21.7,2652.0,195.21694910011055,195.21694910011055,0.2784251968503937,0.2784251968503937
2007,State Street family,1,1,27.11,3256.0,186.49515382622084,186.49515382622084,0.27551193095278387,0.27551193095278387
2008,State Street family,1,1,28.475,3842.0,201.81172134409243,201.81172134409243,0.3055997454661152,0.3055997454661152
2009,State Street family,1,1,27.31,3037.0,166.86658553514107,166.86658553514107,0.32439649647511215,0.32439649647511215
2010,State Street family,1,1,28.67,3524.0,181.46985664343399,181.46985664343399,0.3627006998764924,0.3627006998764924
2011,State Street family,1,1,29.74,3820.0,183.86244250816225,183.86244250816225,0.3742529636523954,0.3742529636523954
2012,State Street family,1,1,29.66,3837.0,181.4176709812701,181.4176709812701,0.37896296296296295,0.37896296296296295
2013,State Street family,1,1,29.4,3800.0,178.63838457649345,178.63838457649345,0.36911121903836813,0.36911121903836813
2014,State Street family,1,1,29.97,3976.0,180.44229734743647,180.44229734743647,0.3720407972302798,0.3720407972302798
2015,State Street family,1,1,32.356,3988.0,167.43770550376883,167.43770550376883,0.3764039641340255,0.3764039641340255
2016,State Street family,1,1,33.783,4364.0,173.2885944824582,173.2885944824582,0.4123984123984124,0.4123984123984124
2017,State Street family,1,1,36.643,4394.0,157.50451371785448,157.50451371785448,0.3741485013623978,0.3741485013623978
2018,State Street family,1,1,40.142,4521.0,144.40896202712517,144.40896202712517,0.34849302397286674,0.34849302397286674
2019,State Street family,1,1,39.103,4443.0,143.09370994090506,143.09370994090506,0.3383596070367832,0.3383596070367832
2020,State Street family,1,1,39.439,4368.0,137.75374437251492,137.75374437251492,0.36164927968206656,0.36164927968206656
2021,State Street family,1,1,38.784,4554.0,139.51414268649063,139.51414268649063,0.37855361596009973,0.37855361596009973
2022,State Street family,1,1,42.226,4428.0,115.37683825020981,115.37683825020981,0.32394469236959544,0.32394469236959544
2023,State Street family,1,1,46.451,4744.0,107.91389700840857,107.91389700840857,0.2583033866928019,0.2583033866928019
2024,State Street family,1,1,52.626,4697.0,91.60363595033776,91.60363595033776,0.21376234469576297,0.21376234469576297
2025,State Street family,1,1,51.503,5035.0,97.76129545851698,97.76129545851698,0.22251193211949796,0.22251193211949796
