year,firm_group,n_obs,n_firms,aum_total,emp_total,rev_total,aum_per_employee_mean,aum_per_employee_median,revenue_per_employee_mean,revenue_per_employee_median,aum_per_employee_total,revenue_per_employee_total
1969,BNY Mellon / Dreyfus family,1,1,454.4740000000001,,170.536,,,,,,
1970,BNY Mellon / Dreyfus family,1,1,515.94,5.394,192.973,95.65072302558399,95.65072302558399,35.77549128661476,35.77549128661476,95.65072302558399,35.77549128661476
1971,BNY Mellon / Dreyfus family,1,1,714.6089999999999,5.115,191.752,139.70850439882696,139.70850439882696,37.488172043010756,37.488172043010756,139.70850439882696,37.488172043010756
1972,BNY Mellon / Dreyfus family,1,1,972.343,5.364,206.019,181.27199850857568,181.27199850857568,38.40771812080537,38.40771812080537,181.27199850857568,38.40771812080537
1973,BNY Mellon / Dreyfus family,1,1,837.046,5.317,268.625,157.4282490126011,157.4282490126011,50.5219108519842,50.5219108519842,157.4282490126011,50.5219108519842
1974,BNY Mellon / Dreyfus family,1,1,1281.957,5.465,358.853,234.57584629460203,234.57584629460203,65.66386093321135,65.66386093321135,234.57584629460203,65.66386093321135
1975,BNY Mellon / Dreyfus family,1,1,1631.2040000000002,5.397,318.489,302.24272744117104,302.24272744117104,59.01222901612006,59.01222901612006,302.24272744117104,59.01222901612006
1976,BNY Mellon / Dreyfus family,1,1,1766.628,5.234,327.356,337.52923194497515,337.52923194497515,62.544134505158574,62.544134505158574,337.52923194497515,62.544134505158574
1977,BNY Mellon / Dreyfus family,1,1,1849.043,5.253,364.614,351.9975252236817,351.9975252236817,69.41062250142775,69.41062250142775,351.9975252236817,69.41062250142775
1978,BNY Mellon / Dreyfus family,1,1,2327.134,5.381,494.28,432.4724028990894,432.4724028990894,91.85653224307748,91.85653224307748,432.4724028990894,91.85653224307748
1979,BNY Mellon / Dreyfus family,1,1,4612.849,5.833,789.681,790.8193039602263,790.8193039602263,135.3816218069604,135.3816218069604,790.8193039602263,135.3816218069604
1980,BNY Mellon / Dreyfus family,1,1,5744.207,7.199,1097.595,797.9173496318933,797.9173496318933,152.4649256841228,152.4649256841228,797.9173496318933,152.4649256841228
1981,BNY Mellon / Dreyfus family,1,1,11543.961,8.042,1495.531,1435.4589654314846,1435.4589654314846,185.96505844317335,185.96505844317335,1435.4589654314846,185.96505844317335
1982,BNY Mellon / Dreyfus family,1,1,17772.042999999998,8.524,1520.737,2084.9416940403567,2084.9416940403567,178.40649929610515,178.40649929610515,2084.9416940403567,178.40649929610515
1983,BNY Mellon / Dreyfus family,1,1,15775.437,8.251,1339.558,1911.9424312204583,1911.9424312204583,162.3509877590595,162.3509877590595,1911.9424312204583,162.3509877590595
1984,BNY Mellon / Dreyfus family,1,1,18104.134,7.457,1576.955,2427.803942604264,2427.803942604264,211.47311251173394,211.47311251173394,2427.803942604264,211.47311251173394
1985,BNY Mellon / Dreyfus family,1,1,21078.262,7.616,1593.859,2767.62893907563,2767.62893907563,209.27770483193277,209.27770483193277,2767.62893907563,209.27770483193277
1986,BNY Mellon / Dreyfus family,1,1,24503.472,9.304,1749.766,2633.6491831470335,2633.6491831470335,188.0659931212382,188.0659931212382,2633.6491831470335,188.0659931212382
1987,BNY Mellon / Dreyfus family,1,1,24652.676,10.249,2140.576,2405.373792565128,2405.373792565128,208.85705922529027,208.85705922529027,2405.373792565128,208.85705922529027
1988,BNY Mellon / Dreyfus family,1,1,24806.608,17.776,2620.379,1395.5112511251125,1395.5112511251125,147.4110598559856,147.4110598559856,1395.5112511251125,147.4110598559856
1989,BNY Mellon / Dreyfus family,1,1,33320.678,14.883,5496.746,2238.8414970100116,2238.8414970100116,369.3305113216422,369.3305113216422,2238.8414970100116,369.3305113216422
1990,BNY Mellon / Dreyfus family,1,1,42668.753,13.847,5333.075,3081.443850653571,3081.443850653571,385.14299126164514,385.14299126164514,3081.443850653571,385.14299126164514
1991,BNY Mellon / Dreyfus family,1,1,50910.006,13.226,4224.0,3849.2368062906394,3849.2368062906394,319.37093603508237,319.37093603508237,3849.2368062906394,319.37093603508237
1992,BNY Mellon / Dreyfus family,1,1,50375.526,14.13,3583.0,3565.1469214437366,3565.1469214437366,253.5739561217268,253.5739561217268,3565.1469214437366,253.5739561217268
1993,BNY Mellon / Dreyfus family,1,1,53005.278,15.621,3798.0,3393.20645285193,3393.20645285193,243.1342423660457,243.1342423660457,3393.20645285193,243.1342423660457
1994,BNY Mellon / Dreyfus family,1,1,48476.498,15.477,4250.997,3132.163726820443,3132.163726820443,274.66543903857337,274.66543903857337,3132.163726820443,274.66543903857337
1995,BNY Mellon / Dreyfus family,1,1,55486.539,15.81,5327.0,3509.585009487666,3509.585009487666,336.93864642631246,336.93864642631246,3509.585009487666,336.93864642631246
1996,BNY Mellon / Dreyfus family,1,1,57542.841,16.158,5713.0,3561.260118826587,3561.260118826587,353.5709865082312,353.5709865082312,3561.260118826587,353.5709865082312
1997,BNY Mellon / Dreyfus family,1,1,66911.905,16.494,5697.0,4056.742148660119,4056.742148660119,345.39832666424155,345.39832666424155,4056.742148660119,345.39832666424155
1998,BNY Mellon / Dreyfus family,1,1,75176.3,17.157,5793.0,4381.669289502827,4381.669289502827,337.6464416856094,337.6464416856094,4381.669289502827,337.6464416856094
1999,BNY Mellon / Dreyfus family,1,1,82612.3,17.735,6070.0,4658.150549760361,4658.150549760361,342.26106568931493,342.26106568931493,4658.150549760361,342.26106568931493
2000,BNY Mellon / Dreyfus family,1,1,95338.7,18.861,7486.0,5054.8062138804935,5054.8062138804935,396.9036636445575,396.9036636445575,5054.8062138804935,396.9036636445575
2001,BNY Mellon / Dreyfus family,1,1,123061.2,19.181,7160.0,6415.786455346436,6415.786455346436,373.28606433449767,373.28606433449767,6415.786455346436,373.28606433449767
2002,BNY Mellon / Dreyfus family,1,1,122711.3,19.435,5756.0,6313.933624903525,6313.933624903525,296.166709544636,296.166709544636,6313.933624903525,296.166709544636
2003,BNY Mellon / Dreyfus family,1,1,109865.1,22.901,6336.0,4797.393126937689,4797.393126937689,276.6691410855421,276.6691410855421,4797.393126937689,276.6691410855421
2004,BNY Mellon / Dreyfus family,1,1,105599.7,23.363,7093.0,4519.954629114412,4519.954629114412,303.5997089414887,303.5997089414887,4519.954629114412,303.5997089414887
2005,BNY Mellon / Dreyfus family,1,1,113465.7,23.451,8312.0,4838.416272227197,4838.416272227197,354.4411752164087,354.4411752164087,4838.416272227197,354.4411752164087
2006,BNY Mellon / Dreyfus family,1,1,133876.7,22.961,9027.0,5830.612778189105,5830.612778189105,393.14489787030186,393.14489787030186,5830.612778189105,393.14489787030186
2007,BNY Mellon / Dreyfus family,1,1,160742.7,42.1,14782.0,3818.116389548694,3818.116389548694,351.1163895486936,351.1163895486936,3818.116389548694,351.1163895486936
2008,BNY Mellon / Dreyfus family,1,1,153449.8,42.9,16828.0,3576.918414918415,3576.918414918415,392.2610722610723,392.2610722610723,3576.918414918415,392.2610722610723
2009,BNY Mellon / Dreyfus family,1,1,168832.3,42.2,8279.0,4000.7654028436014,4000.7654028436014,196.18483412322274,196.18483412322274,4000.7654028436014,196.18483412322274
2010,BNY Mellon / Dreyfus family,1,1,156610.9,48.0,14483.0,3262.727083333333,3262.727083333333,301.7291666666667,301.7291666666667,3262.727083333333,301.7291666666667
2011,BNY Mellon / Dreyfus family,1,1,123183.9,48.7,15236.0,2529.443531827515,2529.443531827515,312.8542094455852,312.8542094455852,2529.443531827515,312.8542094455852
2012,BNY Mellon / Dreyfus family,1,1,125540.2,49.5,15089.0,2536.1656565656567,2536.1656565656567,304.82828282828285,304.82828282828285,2536.1656565656567,304.82828282828285
2013,BNY Mellon / Dreyfus family,1,1,135219.9,51.1,15326.0,2646.1819960861053,2646.1819960861053,299.92172211350294,299.92172211350294,2646.1819960861053,299.92172211350294
2014,BNY Mellon / Dreyfus family,1,1,134860.6,50.3,15210.0,2681.1252485089467,2681.1252485089467,302.38568588469184,302.38568588469184,2681.1252485089467,302.38568588469184
2015,BNY Mellon / Dreyfus family,1,1,117068.9,51.2,15494.0,2286.5019531249995,2286.5019531249995,302.6171875,302.6171875,2286.5019531249995,302.6171875
2016,BNY Mellon / Dreyfus family,1,1,80601.5,52.0,15674.0,1550.0288461538462,1550.0288461538462,301.4230769230769,301.4230769230769,1550.0288461538462,301.4230769230769
2017,BNY Mellon / Dreyfus family,1,1,89511.2,52.5,16617.0,1704.975238095238,1704.975238095238,316.51428571428573,316.51428571428573,1704.975238095238,316.51428571428573
2018,BNY Mellon / Dreyfus family,1,1,84630.2,51.3,19213.0,1649.711500974659,1649.711500974659,374.5224171539961,374.5224171539961,1649.711500974659,374.5224171539961
2019,BNY Mellon / Dreyfus family,1,1,89529.3,48.4,20007.0,1849.7789256198348,1849.7789256198348,413.36776859504135,413.36776859504135,1849.7789256198348,413.36776859504135
2020,BNY Mellon / Dreyfus family,1,1,90699.3,48.5,16940.0,1870.0886597938145,1870.0886597938145,349.2783505154639,349.2783505154639,1870.0886597938145,349.2783505154639
2021,BNY Mellon / Dreyfus family,1,1,90634.2,49.1,16158.0,1845.9103869653766,1845.9103869653766,329.0835030549898,329.0835030549898,1845.9103869653766,329.0835030549898
2022,BNY Mellon / Dreyfus family,1,1,74814.0,51.7,19991.0,1447.0793036750483,1447.0793036750483,386.6731141199226,386.6731141199226,1447.0793036750483,386.6731141199226
2023,BNY Mellon / Dreyfus family,1,1,81489.2,53.4,33805.0,1526.0149812734082,1526.0149812734082,633.0524344569288,633.0524344569288,1526.0149812734082,633.0524344569288
2024,BNY Mellon / Dreyfus family,1,1,80877.6,51.8,39914.0,1561.3436293436296,1561.3436293436296,770.5405405405406,770.5405405405406,1561.3436293436296,770.5405405405406
2025,BNY Mellon / Dreyfus family,1,1,85885.40000000001,48.1,40710.0,1785.5592515592516,1785.5592515592516,846.3617463617463,846.3617463617463,1785.5592515592516,846.3617463617463
1958,Bank of America / Merrill Lynch family,1,1,,,,,,,,,
1959,Bank of America / Merrill Lynch family,1,1,,0.645,8.25,,,12.790697674418604,12.790697674418604,,12.790697674418604
1960,Bank of America / Merrill Lynch family,1,1,,1.552,,,,,,,
1961,Bank of America / Merrill Lynch family,1,1,,1.574,,,,,,,
1962,Bank of America / Merrill Lynch family,1,1,,1.738,,,,,,,
1963,Bank of America / Merrill Lynch family,1,1,,1.8,28.603,,,15.890555555555556,15.890555555555556,,15.890555555555556
1964,Bank of America / Merrill Lynch family,1,1,,1.79,31.232,,,17.44804469273743,17.44804469273743,,17.44804469273743
1965,Bank of America / Merrill Lynch family,1,1,,1.932,35.854,,,18.557971014492754,18.557971014492754,,18.557971014492754
1966,Bank of America / Merrill Lynch family,1,1,,2.126,42.593,,,20.034336782690502,20.034336782690502,,20.034336782690502
1967,Bank of America / Merrill Lynch family,1,1,,2.319,53.969,,,23.27253126347564,23.27253126347564,,23.27253126347564
1968,Bank of America / Merrill Lynch family,1,1,,2.526,63.271,,,25.047901821060968,25.047901821060968,,25.047901821060968
1969,Bank of America / Merrill Lynch family,1,1,,2.918,92.782,,,31.796435915010278,31.796435915010278,,31.796435915010278
1970,Bank of America / Merrill Lynch family,1,1,,,111.772,,,,,,
1971,Bank of America / Merrill Lynch family,1,1,,3.34,127.359,,,38.131437125748505,38.131437125748505,,38.131437125748505
1972,Bank of America / Merrill Lynch family,1,1,,3.964,170.365,,,42.978052472250255,42.978052472250255,,42.978052472250255
1973,Bank of America / Merrill Lynch family,1,1,44.2,4.333,280.372,10.200784675744288,10.200784675744288,64.70620816985922,64.70620816985922,10.200784675744288,64.70620816985922
1974,Bank of America / Merrill Lynch family,1,1,38.0,4.443,357.265,8.552779653387352,8.552779653387352,80.41075849651136,80.41075849651136,8.552779653387352,80.41075849651136
1975,Bank of America / Merrill Lynch family,1,1,40.3,4.312,287.524,9.346011131725415,9.346011131725415,66.6799628942486,66.6799628942486,9.346011131725415,66.6799628942486
1976,Bank of America / Merrill Lynch family,1,1,56.5,4.29,285.314,13.17016317016317,13.17016317016317,66.50675990675991,66.50675990675991,13.17016317016317,66.50675990675991
1977,Bank of America / Merrill Lynch family,1,1,56.2,4.371,316.871,12.857469686570578,12.857469686570578,72.49393731411575,72.49393731411575,12.857469686570578,72.49393731411575
1978,Bank of America / Merrill Lynch family,1,1,52.6,4.552,396.603,11.55536028119508,11.55536028119508,87.12719683655537,87.12719683655537,11.55536028119508,87.12719683655537
1979,Bank of America / Merrill Lynch family,1,1,48.4,4.727,560.483,10.239052253014597,10.239052253014597,118.57055214723924,118.57055214723924,10.239052253014597,118.57055214723924
1980,Bank of America / Merrill Lynch family,1,1,45.2,4.857,741.688,9.30615606341363,9.30615606341363,152.7049619106444,152.7049619106444,9.30615606341363,152.7049619106444
1981,Bank of America / Merrill Lynch family,1,1,45.1,5.018,970.233,8.98764447987246,8.98764447987246,193.3505380629733,193.3505380629733,8.98764447987246,193.3505380629733
1982,Bank of America / Merrill Lynch family,1,1,68.7,7.784,1071.251,8.82579650565262,8.82579650565262,137.62217368961973,137.62217368961973,8.82579650565262,137.62217368961973
1983,Bank of America / Merrill Lynch family,1,1,639.0999999999999,7.635,1252.486,83.70661427635886,83.70661427635886,164.04531761624102,164.04531761624102,83.70661427635886,164.04531761624102
1984,Bank of America / Merrill Lynch family,1,1,3153.061,9.329,1643.031,337.9848858398542,337.9848858398542,176.1208060885411,176.1208060885411,337.9848858398542,176.1208060885411
1985,Bank of America / Merrill Lynch family,1,1,7608.283,9.981,1935.63,762.2766255886185,762.2766255886185,193.93146979260595,193.93146979260595,762.2766255886185,193.93146979260595
1986,Bank of America / Merrill Lynch family,1,1,13034.502,12.107,2295.379,1076.60873874618,1076.60873874618,189.59106302139259,189.59106302139259,1076.60873874618,189.59106302139259
1987,Bank of America / Merrill Lynch family,1,1,11460.007,12.334,2460.942,929.1395329982163,929.1395329982163,199.52505269985406,199.52505269985406,929.1395329982163,199.52505269985406
1988,Bank of America / Merrill Lynch family,1,1,9832.55,12.979,2833.505,757.573773017952,757.573773017952,218.3145850990061,218.3145850990061,757.573773017952,218.3145850990061
1989,Bank of America / Merrill Lynch family,1,1,11101.064,27.002,6036.278,411.120065180357,411.120065180357,223.54929264498926,223.54929264498926,411.120065180357,223.54929264498926
1990,Bank of America / Merrill Lynch family,1,1,15140.616,28.393,6682.259,533.2517169724932,533.2517169724932,235.34881837072518,235.34881837072518,533.2517169724932,235.34881837072518
1991,Bank of America / Merrill Lynch family,1,1,22977.487,57.177,11594.0,401.86590762019694,401.86590762019694,202.77384262902916,202.77384262902916,401.86590762019694,202.77384262902916
1992,Bank of America / Merrill Lynch family,1,1,21338.183,50.828,9942.0,419.8115802313685,419.8115802313685,195.60084992523804,195.60084992523804,419.8115802313685,195.60084992523804
1993,Bank of America / Merrill Lynch family,1,1,25396.152,57.463,10392.0,441.9565981588152,441.9565981588152,180.84680577066982,180.84680577066982,441.9565981588152,180.84680577066982
1994,Bank of America / Merrill Lynch family,1,1,19727.632,61.484,13113.0,320.8579793116909,320.8579793116909,213.2749983735606,213.2749983735606,320.8579793116909,213.2749983735606
1995,Bank of America / Merrill Lynch family,1,1,25063.06,58.322,16327.0,429.7359486986043,429.7359486986043,279.94581804464866,279.94581804464866,429.7359486986043,279.94581804464866
1996,Bank of America / Merrill Lynch family,1,1,28308.406,62.971,17509.0,449.5467119785298,449.5467119785298,278.04862555779647,278.04862555779647,449.5467119785298,278.04862555779647
1997,Bank of America / Merrill Lynch family,1,1,30159.079,80.36,21734.0,375.29963912394226,375.29963912394226,270.4579392732703,270.4579392732703,375.29963912394226,270.4579392732703
1998,Bank of America / Merrill Lynch family,1,1,31192.3,170.975,51794.0,182.4377833016523,182.4377833016523,302.9331773651119,302.9331773651119,182.4377833016523,302.9331773651119
1999,Bank of America / Merrill Lynch family,1,1,12360.2,155.906,51526.0,79.2798224571216,79.2798224571216,330.49401562479954,330.49401562479954,79.2798224571216,330.49401562479954
2000,Bank of America / Merrill Lynch family,1,1,9692.0,142.724,57885.0,67.90728959390152,67.90728959390152,405.5729940304364,405.5729940304364,67.90728959390152,405.5729940304364
2001,Bank of America / Merrill Lynch family,1,1,6005.7,142.67,53151.0,42.09504450830588,42.09504450830588,372.54503399453284,372.54503399453284,42.09504450830588,372.54503399453284
2002,Bank of America / Merrill Lynch family,1,1,5597.900000000001,133.944,46362.0,41.79283879830378,41.79283879830378,346.12972585558146,346.12972585558146,41.79283879830378,346.12972585558146
2003,Bank of America / Merrill Lynch family,1,1,5389.3,133.549,49006.0,40.35447663404443,40.35447663404443,366.9514560198878,366.9514560198878,40.35447663404443,366.9514560198878
2004,Bank of America / Merrill Lynch family,1,1,3484.9,175.742,65447.0,19.829636626418274,19.829636626418274,372.4038647562905,372.4038647562905,19.829636626418274,372.4038647562905
2005,Bank of America / Merrill Lynch family,1,1,2859.8,176.638,85064.0,16.190174254690383,16.190174254690383,481.57248157248154,481.57248157248154,16.190174254690383,481.57248157248154
2006,Bank of America / Merrill Lynch family,1,1,,203.425,115689.0,,,568.7059112695097,568.7059112695097,,568.7059112695097
2007,Bank of America / Merrill Lynch family,1,1,,209.718,119190.0,,,568.3346207764713,568.3346207764713,,568.3346207764713
2008,Bank of America / Merrill Lynch family,1,1,0.0,243.075,113106.0,0.0,0.0,465.3131749460043,465.3131749460043,0.0,465.3131749460043
2009,Bank of America / Merrill Lynch family,1,1,0.0,284.0,150450.0,0.0,0.0,529.7535211267606,529.7535211267606,0.0,529.7535211267606
2010,Bank of America / Merrill Lynch family,1,1,0.0,288.0,134194.0,0.0,0.0,465.9513888888889,465.9513888888889,0.0,465.9513888888889
2011,Bank of America / Merrill Lynch family,1,1,0.0,282.0,129913.0,0.0,0.0,460.6843971631206,460.6843971631206,0.0,460.6843971631206
2012,Bank of America / Merrill Lynch family,1,1,,267.19,99708.0,,,373.17264867697145,373.17264867697145,,373.17264867697145
2013,Bank of America / Merrill Lynch family,1,1,,242.117,101697.0,,,420.03246364361036,420.03246364361036,,420.03246364361036
2014,Bank of America / Merrill Lynch family,1,1,,223.715,95181.0,,,425.45649598819926,425.45649598819926,,425.45649598819926
2015,Bank of America / Merrill Lynch family,1,1,,213.28,93056.0,,,436.3090772693173,436.3090772693173,,436.3090772693173
2016,Bank of America / Merrill Lynch family,1,1,,208.024,93662.0,,,450.2461254470638,450.2461254470638,,450.2461254470638
2017,Bank of America / Merrill Lynch family,1,1,,209.376,100417.0,,,479.6012914565184,479.6012914565184,,479.6012914565184
2018,Bank of America / Merrill Lynch family,1,1,,204.489,111313.0,,,544.3471286964091,544.3471286964091,,544.3471286964091
2019,Bank of America / Merrill Lynch family,1,1,,208.131,113589.0,,,545.7572394309353,545.7572394309353,,545.7572394309353
2020,Bank of America / Merrill Lynch family,1,1,,212.505,93753.0,,,441.18020752452884,441.18020752452884,,441.18020752452884
2021,Bank of America / Merrill Lynch family,1,1,,208.248,93851.0,,,450.6693941838577,450.6693941838577,,450.6693941838577
2022,Bank of America / Merrill Lynch family,1,1,,216.823,115053.0,,,530.630975496142,530.630975496142,,530.630975496142
2023,Bank of America / Merrill Lynch family,1,1,,212.985,173512.0,,,814.6676996032584,814.6676996032584,,814.6676996032584
2024,Bank of America / Merrill Lynch family,1,1,,213.193,192434.0,,,902.6281350701007,902.6281350701007,,902.6281350701007
2025,Bank of America / Merrill Lynch family,1,1,,213.207,191567.0,,,898.5023943866759,898.5023943866759,,898.5023943866759
1958,JPMorgan family,1,1,,,,,,,,,
1959,JPMorgan family,1,1,,,136.718,,,,,,
1960,JPMorgan family,1,1,,7.405,169.045,,,22.828494260634702,22.828494260634702,,22.828494260634702
1961,JPMorgan family,1,1,,7.92,172.132,,,21.733838383838386,21.733838383838386,,21.733838383838386
1962,JPMorgan family,1,1,,8.247,192.544,,,23.34715654177277,23.34715654177277,,23.34715654177277
1963,JPMorgan family,1,1,,8.302,,,,,,,
1964,JPMorgan family,1,1,,8.314,,,,,,,
1965,JPMorgan family,1,1,,8.348,272.664,,,32.66219453761379,32.66219453761379,,32.66219453761379
1966,JPMorgan family,1,1,,9.035,295.852,,,32.74510237963475,32.74510237963475,,32.74510237963475
1967,JPMorgan family,1,1,,9.707,352.702,,,36.33480993097764,36.33480993097764,,36.33480993097764
1968,JPMorgan family,1,1,,11.049,418.626,,,37.88813467282107,37.88813467282107,,37.88813467282107
1969,JPMorgan family,1,1,,12.079,556.784,,,46.09520655683417,46.09520655683417,,46.09520655683417
1970,JPMorgan family,1,1,,,665.156,,,,,,
1971,JPMorgan family,1,1,,12.5,639.924,,,51.19392,51.19392,,51.19392
1972,JPMorgan family,1,1,,12.6,695.819,,,55.223730158730156,55.223730158730156,,55.223730158730156
1973,JPMorgan family,1,1,,12.0,1149.528,,,95.794,95.794,,95.794
1974,JPMorgan family,1,1,,13.158,1791.923,,,136.18505851953185,136.18505851953185,,136.18505851953185
1975,JPMorgan family,1,1,,15.748,1789.675,,,113.64458978917958,113.64458978917958,,113.64458978917958
1976,JPMorgan family,1,1,,15.543,1716.574,,,110.4403268352313,110.4403268352313,,110.4403268352313
1977,JPMorgan family,1,1,,16.285,1871.234,,,114.90537304267731,114.90537304267731,,114.90537304267731
1978,JPMorgan family,1,1,,17.237,2379.356,,,138.0377095782329,138.0377095782329,,138.0377095782329
1979,JPMorgan family,1,1,,17.494,3273.302,,,187.10998056476507,187.10998056476507,,187.10998056476507
1980,JPMorgan family,1,1,,18.223,4294.993,,,235.69077539373322,235.69077539373322,,235.69077539373322
1981,JPMorgan family,1,1,,19.713,5636.4,,,285.9229949779333,285.9229949779333,,285.9229949779333
1982,JPMorgan family,1,1,,19.535,5445.074,,,278.7342718198106,278.7342718198106,,278.7342718198106
1983,JPMorgan family,1,1,,19.464,4903.242,,,251.9133785450062,251.9133785450062,,251.9133785450062
1984,JPMorgan family,1,1,,20.126,5857.008,,,291.01699294444995,291.01699294444995,,291.01699294444995
1985,JPMorgan family,1,1,34.203,19.691,5650.558,1.736986440505815,1.736986440505815,286.961454471586,286.961454471586,1.736986440505815,286.961454471586
1986,JPMorgan family,1,1,116.667,20.993,5488.023,5.557423903205831,5.557423903205831,261.4215690944601,261.4215690944601,5.557423903205831,261.4215690944601
1987,JPMorgan family,1,1,605.842,28.597,6754.799,21.18550896947232,21.18550896947232,236.20656012868483,236.20656012868483,21.18550896947232,236.20656012868483
1988,JPMorgan family,1,1,860.741,27.225,7643.997,31.61583103764922,31.61583103764922,280.7712396694215,280.7712396694215,31.61583103764922,280.7712396694215
1989,JPMorgan family,1,1,1147.664,29.139,8227.097,39.385840282782524,39.385840282782524,282.3397165311095,282.3397165311095,39.385840282782524,282.3397165311095
1990,JPMorgan family,1,1,1827.092,26.689,7966.499,68.45861590917607,68.45861590917607,298.4937240061449,298.4937240061449,68.45861590917607,298.4937240061449
1991,JPMorgan family,1,1,3443.93,43.169,14128.0,79.77784984595428,79.77784984595428,327.2718849174176,327.2718849174176,79.77784984595428,327.2718849174176
1992,JPMorgan family,1,1,5876.058,39.687,12174.0,148.06001965379093,148.06001965379093,306.75032126388993,306.75032126388993,148.06001965379093,306.75032126388993
1993,JPMorgan family,1,1,11440.479,41.567,12427.0,275.2298457911324,275.2298457911324,298.9631197825198,298.9631197825198,275.2298457911324,298.9631197825198
1994,JPMorgan family,1,1,14964.92,42.13,12685.0,355.20816520294323,355.20816520294323,301.0918585331118,301.0918585331118,355.20816520294323,301.0918585331118
1995,JPMorgan family,1,1,21083.337,72.696,26368.0,290.0205926048201,290.0205926048201,362.7159678661825,362.7159678661825,290.0205926048201,362.7159678661825
1996,JPMorgan family,1,1,31354.132,67.785,27421.0,462.55265914287827,462.55265914287827,404.5290255956333,404.5290255956333,462.55265914287827,404.5290255956333
1997,JPMorgan family,1,1,43650.555,69.033,30381.0,632.3143279301204,632.3143279301204,440.0938681500152,440.0938681500152,632.3143279301204,440.0938681500152
1998,JPMorgan family,1,1,59877.6,72.683,32379.0,823.8184995115776,823.8184995115776,445.48243743378777,445.48243743378777,823.8184995115776,445.48243743378777
1999,JPMorgan family,1,1,83577.7,74.801,33544.0,1117.333992861058,1117.333992861058,448.44320263098086,448.44320263098086,1117.333992861058,448.44320263098086
2000,JPMorgan family,1,1,99700.2,,58934.0,,,,,,
2001,JPMorgan family,1,1,165022.1,95.812,50429.0,1722.3531499185906,1722.3531499185906,526.332818436104,526.332818436104,1722.3531499185906,526.332818436104
2002,JPMorgan family,1,1,148802.0,94.335,43372.0,1577.3784915460858,1577.3784915460858,459.76572852069756,459.76572852069756,1577.3784915460858,459.76572852069756
2003,JPMorgan family,1,1,151794.0,93.453,44363.0,1624.281724503226,1624.281724503226,474.709212117321,474.709212117321,1624.281724503226,474.709212117321
2004,JPMorgan family,1,1,158257.2,160.968,56931.0,983.1593857164158,983.1593857164158,353.6789920978083,353.6789920978083,983.1593857164158,353.6789920978083
2005,JPMorgan family,1,1,206519.7,168.847,79902.0,1223.117378455051,1223.117378455051,473.22131870865337,473.22131870865337,1223.117378455051,473.22131870865337
2006,JPMorgan family,1,1,241447.6,174.36,99302.0,1384.7648543243863,1384.7648543243863,569.5228263363156,569.5228263363156,1384.7648543243863,569.5228263363156
2007,JPMorgan family,1,1,295087.2,180.667,116353.0,1633.3209717325246,1633.3209717325246,644.0191069758174,644.0191069758174,1633.3209717325246,644.0191069758174
2008,JPMorgan family,1,1,412783.9,224.961,101491.0,1834.9131627259835,1834.9131627259835,451.14931032490074,451.14931032490074,1834.9131627259835,451.14931032490074
2009,JPMorgan family,1,1,439222.5,222.316,115632.0,1975.6675183072743,1975.6675183072743,520.1245074578528,520.1245074578528,1975.6675183072743,520.1245074578528
2010,JPMorgan family,1,1,406385.8,239.831,115475.0,1694.4673540951753,1694.4673540951753,481.4848789355838,481.4848789355838,1694.4673540951753,481.4848789355838
2011,JPMorgan family,1,1,416989.4,260.157,110838.0,1602.8375173452955,1602.8375173452955,426.0427357326538,426.0427357326538,1602.8375173452955,426.0427357326538
2012,JPMorgan family,1,1,434218.9,258.965,107084.0,1676.7474369123242,1676.7474369123242,413.5076168594212,413.5076168594212,1676.7474369123242,413.5076168594212
2013,JPMorgan family,1,1,481018.2,251.196,105790.0,1914.911861653848,1914.911861653848,421.14524116626063,421.14524116626063,1914.911861653848,421.14524116626063
2014,JPMorgan family,1,1,541457.5,241.359,102102.0,2243.3698349761144,2243.3698349761144,423.02959491877243,423.02959491877243,2243.3698349761144,423.02959491877243
2015,JPMorgan family,1,1,532573.5,234.598,100492.0,2270.1536244980775,2270.1536244980775,428.3582980247061,428.3582980247061,2270.1536244980775,428.3582980247061
2016,JPMorgan family,1,1,547798.9,243.355,105486.0,2251.0279221713135,2251.0279221713135,433.4655133447022,433.4655133447022,2251.0279221713135,433.4655133447022
2017,JPMorgan family,1,1,580588.9,252.539,113254.0,2299.0068860651227,2299.0068860651227,448.46142575998164,448.46142575998164,2299.0068860651227,448.46142575998164
2018,JPMorgan family,1,1,592295.5,256.105,131412.0,2312.7057261670016,2312.7057261670016,513.1176665820659,513.1176665820659,2312.7057261670016,513.1176665820659
2019,JPMorgan family,1,1,708540.3,256.981,142422.0,2757.169985329655,2757.169985329655,554.2121791105179,554.2121791105179,2757.169985329655,554.2121791105179
2020,JPMorgan family,1,1,1026276.07,255.351,129503.0,4019.0798939498964,4019.0798939498964,507.15681552059715,507.15681552059715,4019.0798939498964,507.15681552059715
2021,JPMorgan family,1,1,950675.5,271.025,127202.0,3507.704086338899,3507.704086338899,469.3367770500877,469.3367770500877,3507.704086338899,469.3367770500877
2022,JPMorgan family,1,1,812961.2999999999,293.723,154792.0,2767.7822301964775,2767.7822301964775,526.9999285040667,526.9999285040667,2767.7822301964775,526.9999285040667
2023,JPMorgan family,1,1,1092197.0,309.926,236311.0,3524.0573556268273,3524.0573556268273,762.4755586817498,762.4755586817498,3524.0573556268273,762.4755586817498
2024,JPMorgan family,1,1,1281277.0,317.233,278803.0,4038.9146148099344,4038.9146148099344,878.8587568128158,878.8587568128158,4038.9146148099344,878.8587568128158
2025,JPMorgan family,1,1,1461286.1,318.512,279717.0,4587.852576982971,4587.852576982971,878.199251519566,878.199251519566,4587.852576982971,878.199251519566
1950,S&P Global,1,1,,3.3,46.7,,,14.151515151515152,14.151515151515152,,14.151515151515152
1951,S&P Global,1,1,,3.6,53.1,,,14.75,14.75,,14.75
1952,S&P Global,1,1,,3.7,62.3,,,16.837837837837835,16.837837837837835,,16.837837837837835
1953,S&P Global,1,1,,3.8,67.6,,,17.789473684210524,17.789473684210524,,17.789473684210524
1954,S&P Global,1,1,,3.9,70.0,,,17.94871794871795,17.94871794871795,,17.94871794871795
1955,S&P Global,1,1,,4.0,76.7,,,19.175,19.175,,19.175
1956,S&P Global,1,1,,4.4,88.7,,,20.159090909090907,20.159090909090907,,20.159090909090907
1957,S&P Global,1,1,,4.8,98.2,,,20.458333333333336,20.458333333333336,,20.458333333333336
1958,S&P Global,1,1,,4.8,96.2,,,20.041666666666668,20.041666666666668,,20.041666666666668
1959,S&P Global,1,1,,4.9,105.8,,,21.591836734693874,21.591836734693874,,21.591836734693874
1960,S&P Global,1,1,,5.1,116.8,,,22.901960784313726,22.901960784313726,,22.901960784313726
1961,S&P Global,1,1,,7.2,148.0,,,20.555555555555554,20.555555555555554,,20.555555555555554
1962,S&P Global,1,1,,7.4,157.0,,,21.216216216216214,21.216216216216214,,21.216216216216214
1963,S&P Global,1,1,,7.8,170.37,,,21.842307692307692,21.842307692307692,,21.842307692307692
1964,S&P Global,1,1,,8.3,193.388,,,23.299759036144575,23.299759036144575,,23.299759036144575
1965,S&P Global,1,1,,8.9,216.198,,,24.29191011235955,24.29191011235955,,24.29191011235955
1966,S&P Global,1,1,,11.4,307.606,,,26.98298245614035,26.98298245614035,,26.98298245614035
1967,S&P Global,1,1,,12.3,328.284,,,26.689756097560974,26.689756097560974,,26.689756097560974
1968,S&P Global,1,1,,12.9,368.109,,,28.535581395348835,28.535581395348835,,28.535581395348835
1969,S&P Global,1,1,,13.3,398.292,,,29.94676691729323,29.94676691729323,,29.94676691729323
1970,S&P Global,1,1,,12.323,394.811,,,32.03854580865049,32.03854580865049,,32.03854580865049
1971,S&P Global,1,1,,11.987,404.944,,,33.78193042462668,33.78193042462668,,33.78193042462668
1972,S&P Global,1,1,,11.986,430.082,,,35.88202903387285,35.88202903387285,,35.88202903387285
1973,S&P Global,1,1,,12.243,470.264,,,38.4108470146206,38.4108470146206,,38.4108470146206
1974,S&P Global,1,1,,12.314,510.382,,,41.44729576092253,41.44729576092253,,41.44729576092253
1975,S&P Global,1,1,,11.801,536.475,,,45.46013049741548,45.46013049741548,,45.46013049741548
1976,S&P Global,1,1,,11.466,589.764,,,51.43589743589744,51.43589743589744,,51.43589743589744
1977,S&P Global,1,1,,11.886,659.024,,,55.445397947164736,55.445397947164736,,55.445397947164736
1978,S&P Global,1,1,,13.24,761.201,,,57.49252265861027,57.49252265861027,,57.49252265861027
1979,S&P Global,1,1,,14.351,879.886,,,61.3118249599331,61.3118249599331,,61.3118249599331
1980,S&P Global,1,1,,14.226,1000.146,,,70.30409110080134,70.30409110080134,,70.30409110080134
1981,S&P Global,1,1,,14.258,1110.125,,,77.85979800813578,77.85979800813578,,77.85979800813578
1982,S&P Global,1,1,,14.196,1193.587,,,84.07910679064526,84.07910679064526,,84.07910679064526
1983,S&P Global,1,1,,13.726,1295.175,,,94.35924522803438,94.35924522803438,,94.35924522803438
1984,S&P Global,1,1,,14.792,1401.778,,,94.76595457003786,94.76595457003786,,94.76595457003786
1985,S&P Global,1,1,,14.345,1491.208,,,103.95315440920182,103.95315440920182,,103.95315440920182
1986,S&P Global,1,1,,15.232,1576.834,,,103.52113970588236,103.52113970588236,,103.52113970588236
1987,S&P Global,1,1,,15.892,1751.23,,,110.19569594764661,110.19569594764661,,110.19569594764661
1988,S&P Global,1,1,,16.255,1817.961,,,111.84011073515842,111.84011073515842,,111.84011073515842
1989,S&P Global,1,1,,14.461,1788.963,,,123.70949450245487,123.70949450245487,,123.70949450245487
1990,S&P Global,1,1,,13.868,1938.638,,,139.7921834438996,139.7921834438996,,139.7921834438996
1991,S&P Global,1,1,,13.539,1943.012,,,143.51222394563854,143.51222394563854,,143.51222394563854
1992,S&P Global,1,1,,13.393,2050.491,,,153.10169491525423,153.10169491525423,,153.10169491525423
1993,S&P Global,1,1,,15.661,2195.453,,,140.1860034480557,140.1860034480557,,140.1860034480557
1994,S&P Global,1,1,,15.339,2760.869,,,179.99015581198253,179.99015581198253,,179.99015581198253
1995,S&P Global,1,1,,15.004,2935.283,,,195.63336443615037,195.63336443615037,,195.63336443615037
1996,S&P Global,1,1,,16.22,3074.697,,,189.56208384710237,189.56208384710237,,189.56208384710237
1997,S&P Global,1,1,,15.69,3534.095,,,225.24506054811982,225.24506054811982,,225.24506054811982
1998,S&P Global,1,1,,15.897,3729.145,,,234.58168207837957,234.58168207837957,,234.58168207837957
1999,S&P Global,1,1,,16.376,3991.997,,,243.77118954567658,243.77118954567658,,243.77118954567658
2000,S&P Global,1,1,,16.761,4280.968,,,255.41244555814092,255.41244555814092,,255.41244555814092
2001,S&P Global,1,1,,17.135,4645.535,,,271.113802159323,271.113802159323,,271.113802159323
2002,S&P Global,1,1,,16.505,4787.668,,,290.07379581944866,290.07379581944866,,290.07379581944866
2003,S&P Global,1,1,,16.068,4827.857,,,300.4640901170027,300.4640901170027,,300.4640901170027
2004,S&P Global,1,1,,17.253,5250.538,,,304.326088216542,304.326088216542,,304.326088216542
2005,S&P Global,1,1,,19.6,6003.642,,,306.3082653061224,306.3082653061224,,306.3082653061224
2006,S&P Global,1,1,,20.214,6255.138,,,309.44582962303355,309.44582962303355,,309.44582962303355
2007,S&P Global,1,1,,21.171,6772.281,,,319.88479523877004,319.88479523877004,,319.88479523877004
2008,S&P Global,1,1,,21.649,6355.055,,,293.5495865859855,293.5495865859855,,293.5495865859855
2009,S&P Global,1,1,,21.077,5951.782,,,282.3827869241353,282.3827869241353,,282.3827869241353
2010,S&P Global,1,1,,20.755,6168.331,,,297.1973500361359,297.1973500361359,,297.1973500361359
2011,S&P Global,1,1,,22.66,6246.0,,,275.63989408649604,275.63989408649604,,275.63989408649604
2012,S&P Global,1,1,,16.687,4450.0,,,266.6746569185593,266.6746569185593,,266.6746569185593
2013,S&P Global,1,1,,17.0,4875.0,,,286.7647058823529,286.7647058823529,,286.7647058823529
2014,S&P Global,1,1,,17.0,5051.0,,,297.11764705882354,297.11764705882354,,297.11764705882354
2015,S&P Global,1,1,,20.4,5313.0,,,260.44117647058823,260.44117647058823,,260.44117647058823
2016,S&P Global,1,1,,20.0,5661.0,,,283.05,283.05,,283.05
2017,S&P Global,1,1,,20.4,6063.0,,,297.2058823529412,297.2058823529412,,297.2058823529412
2018,S&P Global,1,1,,21.2,6258.0,,,295.188679245283,295.188679245283,,295.188679245283
2019,S&P Global,1,1,,22.5,6699.0,,,297.73333333333335,297.73333333333335,,297.73333333333335
2020,S&P Global,1,1,,23.0,7442.0,,,323.5652173913044,323.5652173913044,,323.5652173913044
2021,S&P Global,1,1,,22.85,8297.0,,,363.10722100656454,363.10722100656454,,363.10722100656454
2022,S&P Global,1,1,,39.95,11181.0,,,279.87484355444303,279.87484355444303,,279.87484355444303
2023,S&P Global,1,1,,40.45,12497.0,,,308.94932014833125,308.94932014833125,,308.94932014833125
2024,S&P Global,1,1,,42.35,14208.0,,,335.4899645808737,335.4899645808737,,335.4899645808737
2025,S&P Global,1,1,,44.5,15336.0,,,344.6292134831461,344.6292134831461,,344.6292134831461
1963,State Street family,1,1,466.4,1.787,29.246,260.99608282036934,260.99608282036934,16.365976496922215,16.365976496922215,260.99608282036934,16.365976496922215
1964,State Street family,1,1,531.7,1.839,31.835,289.1245241979337,289.1245241979337,17.3110386079391,17.3110386079391,289.1245241979337,17.3110386079391
1965,State Street family,1,1,655.0,1.86,35.809,352.1505376344086,352.1505376344086,19.252150537634407,19.252150537634407,352.1505376344086,19.252150537634407
1966,State Street family,1,1,635.7,2.164,44.513,293.7615526802218,293.7615526802218,20.56977818853974,20.56977818853974,293.7615526802218,20.56977818853974
1967,State Street family,1,1,818.3,2.117,50.878,386.5375531412376,386.5375531412376,24.033065658951347,24.033065658951347,386.5375531412376,24.033065658951347
1968,State Street family,1,1,1000.738,2.7,64.215,370.6437037037037,370.6437037037037,23.78333333333333,23.78333333333333,370.6437037037037,23.78333333333333
1969,State Street family,1,1,956.8,3.769,82.67,253.86044043512865,253.86044043512865,21.934200053064473,21.934200053064473,253.86044043512865,21.934200053064473
1970,State Street family,1,1,912.5,3.6,95.738,253.47222222222223,253.47222222222223,26.593888888888888,26.593888888888888,253.47222222222223,26.593888888888888
1971,State Street family,1,1,1098.4540000000002,3.2,93.019,343.266875,343.266875,29.0684375,29.0684375,343.266875,29.0684375
1972,State Street family,1,1,1397.846,2.8,90.532,499.2307142857143,499.2307142857143,32.332857142857144,32.332857142857144,499.2307142857143,32.332857142857144
1973,State Street family,1,1,1080.881,3.143,123.423,343.90104995227495,343.90104995227495,39.269169583200764,39.269169583200764,343.90104995227495,39.269169583200764
1974,State Street family,1,1,759.955,3.1,169.861,245.1467741935484,245.1467741935484,54.79387096774193,54.79387096774193,245.1467741935484,54.79387096774193
1975,State Street family,1,1,1009.856,3.0,152.173,336.6186666666667,336.6186666666667,50.724333333333334,50.724333333333334,336.6186666666667,50.724333333333334
1976,State Street family,1,1,1171.245,2.9,146.138,403.8775862068965,403.8775862068965,50.39241379310345,50.39241379310345,403.8775862068965,50.39241379310345
1977,State Street family,1,1,1082.317,2.9,150.742,373.21275862068967,373.21275862068967,51.98,51.98,373.21275862068967,51.98
1978,State Street family,1,1,1141.476,3.0,176.744,380.492,380.492,58.91466666666667,58.91466666666667,380.492,58.91466666666667
1979,State Street family,1,1,1348.56,3.1,247.824,435.01935483870966,435.01935483870966,79.94322580645161,79.94322580645161,435.01935483870966,79.94322580645161
1980,State Street family,1,1,1588.312,3.3,316.265,481.3066666666667,481.3066666666667,95.8378787878788,95.8378787878788,481.3066666666667,95.8378787878788
1981,State Street family,1,1,1629.8629999999998,3.5,402.621,465.6751428571428,465.6751428571428,115.03457142857143,115.03457142857143,465.6751428571428,115.03457142857143
1982,State Street family,1,1,1860.907,3.8,466.318,489.71236842105264,489.71236842105264,122.71526315789474,122.71526315789474,489.71236842105264,122.71526315789474
1983,State Street family,1,1,2142.404,3.6,442.786,595.1122222222222,595.1122222222222,122.9961111111111,122.9961111111111,595.1122222222222,122.9961111111111
1984,State Street family,1,1,2247.288,3.91,481.846,574.7539641943733,574.7539641943733,123.23427109974425,123.23427109974425,574.7539641943733,123.23427109974425
1985,State Street family,1,1,3002.423,4.716,546.041,636.6460983884647,636.6460983884647,115.78477523324852,115.78477523324852,636.6460983884647,115.78477523324852
1986,State Street family,1,1,3543.836,5.423,640.289,653.4825742209109,653.4825742209109,118.0691499170201,118.0691499170201,653.4825742209109,118.0691499170201
1987,State Street family,1,1,5531.768,6.943,756.881,796.740313985309,796.740313985309,109.01353881607375,109.01353881607375,796.740313985309,109.01353881607375
1988,State Street family,1,1,5597.542,7.298,896.827,766.9967114277885,766.9967114277885,122.88668128254317,122.88668128254317,766.9967114277885,122.88668128254317
1989,State Street family,1,1,6502.503000000001,7.624,1091.968,852.8991343126969,852.8991343126969,143.2277019937041,143.2277019937041,852.8991343126969,143.2277019937041
1990,State Street family,1,1,6853.3369999999995,8.129,1320.388,843.0725796530938,843.0725796530938,162.42932710050437,162.42932710050437,843.0725796530938,162.42932710050437
1991,State Street family,1,1,8367.194,8.321,1357.871,1005.5514962143973,1005.5514962143973,163.1860353322918,163.1860353322918,1005.5514962143973,163.1860353322918
1992,State Street family,1,1,10042.616,9.338,1417.276,1075.456843007068,1075.456843007068,151.77511244377814,151.77511244377814,1075.456843007068,151.77511244377814
1993,State Street family,1,1,13061.221,10.117,1532.283,1291.0171987743402,1291.0171987743402,151.45626173766925,151.45626173766925,1291.0171987743402,151.45626173766925
1994,State Street family,1,1,12752.593,11.127,1885.76,1146.0944549294509,1146.0944549294509,169.4760492495731,169.4760492495731,1146.0944549294509,169.4760492495731
1995,State Street family,1,1,16431.745,11.324,2455.691,1451.0548392794065,1451.0548392794065,216.85720593429883,216.85720593429883,1451.0548392794065,216.85720593429883
1996,State Street family,1,1,18760.305,12.792,2745.0,1466.5654315196998,1466.5654315196998,214.5872420262664,214.5872420262664,1466.5654315196998,214.5872420262664
1997,State Street family,1,1,25777.92,14.199,3428.0,1815.474329178111,1815.474329178111,241.42545249665469,241.42545249665469,1815.474329178111,241.42545249665469
1998,State Street family,1,1,37186.0,16.816,4234.0,2211.346336822074,2211.346336822074,251.78401522359658,251.78401522359658,2211.346336822074,251.78401522359658
1999,State Street family,1,1,50762.0,17.213,4749.0,2949.0501365247196,2949.0501365247196,275.89612502178585,275.89612502178585,2949.0501365247196,275.89612502178585
2000,State Street family,1,1,56911.2,17.022,5921.0,3343.3909058865,3343.3909058865,347.8439666314182,347.8439666314182,3343.3909058865,347.8439666314182
2001,State Street family,1,1,63467.0,19.753,5687.0,3213.0309320103274,3213.0309320103274,287.9056345871513,287.9056345871513,3213.0309320103274,287.9056345871513
2002,State Street family,1,1,71061.1,19.501,4900.0,3643.972103994667,3643.972103994667,251.26916568381108,251.26916568381108,3643.972103994667,251.26916568381108
2003,State Street family,1,1,84352.5,19.85,5118.0,4249.496221662468,4249.496221662468,257.8337531486146,257.8337531486146,4249.496221662468,257.8337531486146
2004,State Street family,1,1,105327.0,19.668,5861.0,5355.2471018913975,5355.2471018913975,297.9967459833232,297.9967459833232,5355.2471018913975,297.9967459833232
2005,State Street family,1,1,111611.4,20.965,7480.0,5323.701407107083,5323.701407107083,356.78511805389934,356.78511805389934,5323.701407107083,356.78511805389934
2006,State Street family,1,1,134279.6,21.7,9525.0,6188.000000000001,6188.000000000001,438.94009216589865,438.94009216589865,6188.000000000001,438.94009216589865
2007,State Street family,1,1,198216.2,27.11,11818.0,7311.552932497234,7311.552932497234,435.92770195499816,435.92770195499816,7311.552932497234,435.92770195499816
2008,State Street family,1,1,175275.0,28.475,12572.0,6155.3994732221245,6155.3994732221245,441.5100965759438,441.5100965759438,6155.3994732221245,441.5100965759438
2009,State Street family,1,1,218063.4,27.31,9362.0,7984.745514463567,7984.745514463567,342.8048333943611,342.8048333943611,7984.745514463567,342.8048333943611
2010,State Street family,1,1,303639.7,28.67,9716.0,10590.851063829787,10590.851063829787,338.89082664806415,338.89082664806415,10590.851063829787,338.89082664806415
2011,State Street family,1,1,324919.7,29.74,10207.0,10925.342972427708,10925.342972427708,343.20780094149296,343.20780094149296,10925.342972427708,343.20780094149296
2012,State Street family,1,1,396760.1,29.66,10125.0,13376.942009440323,13376.942009440323,341.3688469318948,341.3688469318948,13376.942009440323,341.3688469318948
2013,State Street family,1,1,469054.1,29.4,10295.0,15954.221088435374,15954.221088435374,350.1700680272109,350.1700680272109,15954.221088435374,350.1700680272109
2014,State Street family,1,1,540444.155,29.97,10687.0,18032.83800467134,18032.83800467134,356.58992325658994,356.58992325658994,18032.83800467134,356.58992325658994
2015,State Street family,1,1,482811.9,32.356,10595.0,14921.86611447645,14921.86611447645,327.4508591914946,327.4508591914946,14921.86611447645,327.4508591914946
2016,State Street family,1,1,608198.6,33.783,10582.0,18003.096231832576,18003.096231832576,313.2344670396353,313.2344670396353,18003.096231832576,313.2344670396353
2017,State Street family,1,1,737966.5,36.643,11744.0,20139.358131157383,20139.358131157383,320.49777583713126,320.49777583713126,20139.358131157383,320.49777583713126
2018,State Street family,1,1,674622.7,40.142,12973.0,16805.906531812067,16805.906531812067,323.1777190972049,323.1777190972049,16805.906531812067,323.1777190972049
2019,State Street family,1,1,867167.7999999999,39.103,13131.0,22176.503081604988,22176.503081604988,335.80543692299824,335.80543692299824,22176.503081604988,335.80543692299824
2020,State Street family,1,1,1020313.0,39.439,12078.0,25870.66102081696,25870.66102081696,306.24508735008493,306.24508735008493,25870.66102081696,306.24508735008493
2021,State Street family,1,1,1306221.3,38.784,12030.0,33679.385829207924,33679.385829207924,310.1794554455446,310.1794554455446,33679.385829207924,310.1794554455446
2022,State Street family,1,1,1178258.7,42.226,13669.0,27903.630464642636,27903.630464642636,323.71051011225313,323.71051011225313,27903.630464642636,323.71051011225313
2023,State Street family,1,1,1503056.6,46.451,18366.0,32357.895416675638,32357.895416675638,395.3843835439495,395.3843835439495,32357.895416675638,395.3843835439495
2024,State Street family,1,1,1815694.9,52.626,21973.0,34501.8602971915,34501.8602971915,417.5312583133812,417.5312583133812,34501.8602971915,417.5312583133812
2025,State Street family,1,1,2225117.8,51.503,22628.0,43203.65415606857,43203.65415606857,439.3530473952974,439.3530473952974,43203.65415606857,439.3530473952974
