date,fyear,indfmt,tic,conm,at,emp,revt,xlr,year,firm,aum_crsp,matched_funds,firm_group,revenue_per_employee,aum_per_employee,labor_expense_per_employee,ticker,tic_exp,firm_group_exp,n_documents,document_word_count,direct_ai_count,adjacent_automation_count,weighted_ai_count,ai_exposure,ai_exposure_source
1950-12-31,1950,INDL,SPGI,S&P GLOBAL INC,32.6,3.3,46.7,,1950,SPGI,,,S&P Global,14.151515151515152,,,,,,,,,,,,missing
1951-12-31,1951,INDL,SPGI,S&P GLOBAL INC,36.0,3.6,53.1,,1951,SPGI,,,S&P Global,14.75,,,,,,,,,,,,missing
1952-12-31,1952,INDL,SPGI,S&P GLOBAL INC,41.1,3.7,62.3,,1952,SPGI,,,S&P Global,16.837837837837835,,,,,,,,,,,,missing
1953-12-31,1953,INDL,SPGI,S&P GLOBAL INC,45.7,3.8,67.6,,1953,SPGI,,,S&P Global,17.789473684210524,,,,,,,,,,,,missing
1954-12-31,1954,INDL,SPGI,S&P GLOBAL INC,46.6,3.9,70.0,,1954,SPGI,,,S&P Global,17.94871794871795,,,,,,,,,,,,missing
1955-12-31,1955,INDL,SPGI,S&P GLOBAL INC,50.8,4.0,76.7,,1955,SPGI,,,S&P Global,19.175,,,,,,,,,,,,missing
1956-12-31,1956,INDL,SPGI,S&P GLOBAL INC,57.7,4.4,88.7,,1956,SPGI,,,S&P Global,20.159090909090907,,,,,,,,,,,,missing
1957-12-31,1957,INDL,SPGI,S&P GLOBAL INC,60.9,4.8,98.2,,1957,SPGI,,,S&P Global,20.458333333333336,,,,,,,,,,,,missing
1958-12-31,1958,INDL,SPGI,S&P GLOBAL INC,63.1,4.8,96.2,,1958,SPGI,,,S&P Global,20.041666666666668,,,,,,,,,,,,missing
1959-12-31,1959,INDL,SPGI,S&P GLOBAL INC,72.8,4.9,105.8,,1959,SPGI,,,S&P Global,21.591836734693874,,,,,,,,,,,,missing
1960-12-31,1960,INDL,SPGI,S&P GLOBAL INC,80.5,5.1,116.8,,1960,SPGI,,,S&P Global,22.901960784313726,,,,,,,,,,,,missing
1961-12-31,1961,INDL,SPGI,S&P GLOBAL INC,102.9,7.2,148.0,,1961,SPGI,,,S&P Global,20.555555555555554,,,,,,,,,,,,missing
1962-12-31,1962,INDL,SPGI,S&P GLOBAL INC,111.7,7.4,157.0,,1962,SPGI,,,S&P Global,21.216216216216214,,,,,,,,,,,,missing
1963-12-31,1963,INDL,SPGI,S&P GLOBAL INC,116.683,7.8,170.37,,1963,SPGI,,,S&P Global,21.842307692307692,,,,,,,,,,,,missing
1964-12-31,1964,INDL,SPGI,S&P GLOBAL INC,134.674,8.3,193.388,59.238,1964,SPGI,,,S&P Global,23.299759036144575,,7.137108433734939,,,,,,,,,,missing
1965-12-31,1965,INDL,SPGI,S&P GLOBAL INC,150.687,8.9,216.198,65.93,1965,SPGI,,,S&P Global,24.29191011235955,,7.407865168539327,,,,,,,,,,missing
1966-12-31,1966,INDL,SPGI,S&P GLOBAL INC,226.432,11.4,307.606,86.52,1966,SPGI,,,S&P Global,26.98298245614035,,7.5894736842105255,,,,,,,,,,missing
1967-12-31,1967,INDL,SPGI,S&P GLOBAL INC,269.785,12.3,328.284,96.7,1967,SPGI,,,S&P Global,26.689756097560974,,7.861788617886178,,,,,,,,,,missing
1968-12-31,1968,INDL,SPGI,S&P GLOBAL INC,306.82,12.9,368.109,110.92,1968,SPGI,,,S&P Global,28.535581395348835,,8.598449612403101,,,,,,,,,,missing
1969-12-31,1969,INDL,SPGI,S&P GLOBAL INC,333.175,13.3,398.292,122.0,1969,SPGI,,,S&P Global,29.94676691729323,,9.172932330827066,,,,,,,,,,missing
1970-12-31,1970,INDL,SPGI,S&P GLOBAL INC,345.535,12.323,394.811,121.0,1970,SPGI,,,S&P Global,32.03854580865049,,9.8190375720198,,,,,,,,,,missing
1971-12-31,1971,INDL,SPGI,S&P GLOBAL INC,352.29,11.987,404.944,124.0,1971,SPGI,,,S&P Global,33.78193042462668,,10.344539918244765,,,,,,,,,,missing
1972-12-31,1972,INDL,SPGI,S&P GLOBAL INC,430.325,11.986,430.082,130.0,1972,SPGI,,,S&P Global,35.88202903387285,,10.845986984815617,,,,,,,,,,missing
1973-12-31,1973,INDL,SPGI,S&P GLOBAL INC,442.48,12.243,470.264,137.0,1973,SPGI,,,S&P Global,38.4108470146206,,11.19006779384138,,,,,,,,,,missing
1974-12-31,1974,INDL,SPGI,S&P GLOBAL INC,445.178,12.314,510.382,147.0,1974,SPGI,,,S&P Global,41.44729576092253,,11.937631963618646,,,,,,,,,,missing
1975-12-31,1975,INDL,SPGI,S&P GLOBAL INC,453.72,11.801,536.475,155.0,1975,SPGI,,,S&P Global,45.46013049741548,,13.134480128802643,,,,,,,,,,missing
1976-12-31,1976,INDL,SPGI,S&P GLOBAL INC,482.04,11.466,589.764,162.0,1976,SPGI,,,S&P Global,51.43589743589744,,14.128728414442701,,,,,,,,,,missing
1977-12-31,1977,INDL,SPGI,S&P GLOBAL INC,549.82,11.886,659.024,176.0,1977,SPGI,,,S&P Global,55.445397947164736,,14.807336362106682,,,,,,,,,,missing
1978-12-31,1978,INDL,SPGI,S&P GLOBAL INC,615.569,13.24,761.201,203.0,1978,SPGI,,,S&P Global,57.49252265861027,,15.332326283987916,,,,,,,,,,missing
1979-12-31,1979,INDL,SPGI,S&P GLOBAL INC,743.147,14.351,879.886,234.0,1979,SPGI,,,S&P Global,61.3118249599331,,16.305483938401505,,,,,,,,,,missing
1980-12-31,1980,INDL,SPGI,S&P GLOBAL INC,785.502,14.226,1000.146,275.0,1980,SPGI,,,S&P Global,70.30409110080134,,19.330802755518064,,,,,,,,,,missing
1981-12-31,1981,INDL,SPGI,S&P GLOBAL INC,879.387,14.258,1110.125,301.0,1981,SPGI,,,S&P Global,77.85979800813578,,21.110955253191193,,,,,,,,,,missing
1982-12-31,1982,INDL,SPGI,S&P GLOBAL INC,945.396,14.196,1193.587,325.0,1982,SPGI,,,S&P Global,84.07910679064526,,22.893772893772894,,,,,,,,,,missing
1983-12-31,1983,INDL,SPGI,S&P GLOBAL INC,1052.873,13.726,1295.175,349.0,1983,SPGI,,,S&P Global,94.35924522803438,,25.426198455485938,,,,,,,,,,missing
1984-12-31,1984,INDL,SPGI,S&P GLOBAL INC,1176.714,14.792,1401.778,381.0,1984,SPGI,,,S&P Global,94.76595457003786,,25.757166035694972,,,,,,,,,,missing
1985-12-31,1985,INDL,SPGI,S&P GLOBAL INC,1273.911,14.345,1491.208,426.0,1985,SPGI,,,S&P Global,103.95315440920182,,29.696758452422447,,,,,,,,,,missing
1986-12-31,1986,INDL,SPGI,S&P GLOBAL INC,1462.764,15.232,1576.834,445.0,1986,SPGI,,,S&P Global,103.52113970588236,,29.21481092436975,,,,,,,,,,missing
1987-12-31,1987,INDL,SPGI,S&P GLOBAL INC,1637.645,15.892,1751.23,496.0,1987,SPGI,,,S&P Global,110.19569594764661,,31.210672036244652,,,,,,,,,,missing
1988-12-31,1988,INDL,SPGI,S&P GLOBAL INC,1758.356,16.255,1817.961,524.0,1988,SPGI,,,S&P Global,111.84011073515842,,32.23623500461397,,,,,,,,,,missing
1989-12-31,1989,INDL,SPGI,S&P GLOBAL INC,2208.249,14.461,1788.963,519.0,1989,SPGI,,,S&P Global,123.70949450245487,,35.88963418850702,,,,,,,,,,missing
1990-12-31,1990,INDL,SPGI,S&P GLOBAL INC,2533.604,13.868,1938.638,541.0,1990,SPGI,,,S&P Global,139.7921834438996,,39.01067205076435,,,,,,,,,,missing
1991-12-31,1991,INDL,SPGI,S&P GLOBAL INC,2525.231,13.539,1943.012,553.0,1991,SPGI,,,S&P Global,143.51222394563854,,40.84496639338208,,,,,,,,,,missing
1992-12-31,1992,INDL,SPGI,S&P GLOBAL INC,2508.14,13.393,2050.491,578.0,1992,SPGI,,,S&P Global,153.10169491525423,,43.15687299335474,,,,,,,,,,missing
1993-12-31,1993,INDL,SPGI,S&P GLOBAL INC,3084.163,15.661,2195.453,,1993,SPGI,,,S&P Global,140.1860034480557,,,,,,,,,,,,missing
1994-12-31,1994,INDL,SPGI,S&P GLOBAL INC,3008.533,15.339,2760.869,,1994,SPGI,,,S&P Global,179.99015581198253,,,,,,,,,,,,missing
1995-12-31,1995,INDL,SPGI,S&P GLOBAL INC,3104.389,15.004,2935.283,,1995,SPGI,,,S&P Global,195.63336443615037,,,,,,,,,,,,missing
1996-12-31,1996,INDL,SPGI,S&P GLOBAL INC,3642.239,16.22,3074.697,,1996,SPGI,,,S&P Global,189.56208384710237,,,,,,,,,,,,missing
1997-12-31,1997,INDL,SPGI,S&P GLOBAL INC,3724.474,15.69,3534.095,,1997,SPGI,,,S&P Global,225.24506054811982,,,,,,,,,,,,missing
1998-12-31,1998,INDL,SPGI,S&P GLOBAL INC,3788.144,15.897,3729.145,,1998,SPGI,,,S&P Global,234.58168207837957,,,,,,,,,,,,missing
1999-12-31,1999,INDL,SPGI,S&P GLOBAL INC,4088.797,16.376,3991.997,,1999,SPGI,,,S&P Global,243.77118954567658,,,,,,,,,,,,missing
2000-12-31,2000,INDL,SPGI,S&P GLOBAL INC,4931.444,16.761,4280.968,,2000,SPGI,,,S&P Global,255.41244555814092,,,,,,,,,,,,missing
2001-12-31,2001,INDL,SPGI,S&P GLOBAL INC,5161.191,17.135,4645.535,,2001,SPGI,,,S&P Global,271.113802159323,,,,,,,,,,,,missing
2002-12-31,2002,INDL,SPGI,S&P GLOBAL INC,5032.182,16.505,4787.668,1300.0,2002,SPGI,,,S&P Global,290.07379581944866,,78.76401090578614,,,,,,,,,,missing
2003-12-31,2003,INDL,SPGI,S&P GLOBAL INC,5394.068,16.068,4827.857,,2003,SPGI,,,S&P Global,300.4640901170027,,,,,,,,,,,,missing
2004-12-31,2004,INDL,SPGI,S&P GLOBAL INC,5862.989,17.253,5250.538,,2004,SPGI,,,S&P Global,304.326088216542,,,,,,,,,,,,missing
2005-12-31,2005,INDL,SPGI,S&P GLOBAL INC,6395.808,19.6,6003.642,,2005,SPGI,,,S&P Global,306.3082653061224,,,,,,,,,,,,missing
2006-12-31,2006,INDL,SPGI,S&P GLOBAL INC,6042.89,20.214,6255.138,,2006,SPGI,,,S&P Global,309.44582962303355,,,,,,,,,,,,missing
2007-12-31,2007,INDL,SPGI,S&P GLOBAL INC,6357.336,21.171,6772.281,,2007,SPGI,,,S&P Global,319.88479523877004,,,,,,,,,,,,missing
2008-12-31,2008,INDL,SPGI,S&P GLOBAL INC,6080.142,21.649,6355.055,,2008,SPGI,,,S&P Global,293.5495865859855,,,,,,,,,,,,missing
2009-12-31,2009,INDL,SPGI,S&P GLOBAL INC,6475.25,21.077,5951.782,,2009,SPGI,,,S&P Global,282.3827869241353,,,,,,,,,,,,missing
2010-12-31,2010,INDL,SPGI,S&P GLOBAL INC,7046.561,20.755,6168.331,,2010,SPGI,,,S&P Global,297.1973500361359,,,,,,,,,,,,missing
2011-12-31,2011,INDL,SPGI,S&P GLOBAL INC,6427.0,22.66,6246.0,,2011,SPGI,,,S&P Global,275.63989408649604,,,,,,,,,,,,missing
2012-12-31,2012,INDL,SPGI,S&P GLOBAL INC,7052.0,16.687,4450.0,,2012,SPGI,,,S&P Global,266.6746569185593,,,,,,,,,,,,missing
2013-12-31,2013,INDL,SPGI,S&P GLOBAL INC,6061.0,17.0,4875.0,,2013,SPGI,,,S&P Global,286.7647058823529,,,,,,,,,,,,missing
2014-12-31,2014,INDL,SPGI,S&P GLOBAL INC,6771.0,17.0,5051.0,,2014,SPGI,,,S&P Global,297.11764705882354,,,,,,,,,,,,missing
2015-12-31,2015,INDL,SPGI,S&P GLOBAL INC,8183.0,20.4,5313.0,,2015,SPGI,,,S&P Global,260.44117647058823,,,SPGI,SPGI,S&P Global,1.0,101661.0,0.0,0.0,0.0,0.0,external:ai_exposure_by_firm_year.csv
2016-12-31,2016,INDL,SPGI,S&P GLOBAL INC,8669.0,20.0,5661.0,,2016,SPGI,,,S&P Global,283.05,,,SPGI,SPGI,S&P Global,1.0,111820.0,0.0,0.0,0.0,0.0,external:ai_exposure_by_firm_year.csv
2017-12-31,2017,INDL,SPGI,S&P GLOBAL INC,9425.0,20.4,6063.0,,2017,SPGI,,,S&P Global,297.2058823529412,,,SPGI,SPGI,S&P Global,1.0,110057.0,0.0,0.0,0.0,0.0,external:ai_exposure_by_firm_year.csv
2018-12-31,2018,INDL,SPGI,S&P GLOBAL INC,9458.0,21.2,6258.0,,2018,SPGI,,,S&P Global,295.188679245283,,,SPGI,SPGI,S&P Global,1.0,108109.0,1.0,1.0,3.0,0.2774977106438872,external:ai_exposure_by_firm_year.csv
2019-12-31,2019,INDL,SPGI,S&P GLOBAL INC,11348.0,22.5,6699.0,,2019,SPGI,,,S&P Global,297.73333333333335,,,SPGI,SPGI,S&P Global,1.0,113702.0,7.0,0.0,14.0,1.231288807584739,external:ai_exposure_by_firm_year.csv
2020-12-31,2020,INDL,SPGI,S&P GLOBAL INC,12537.0,23.0,7442.0,,2020,SPGI,,,S&P Global,323.5652173913044,,,SPGI,SPGI,S&P Global,1.0,76399.0,4.0,0.0,8.0,1.0471341247922092,external:ai_exposure_by_firm_year.csv
2021-12-31,2021,INDL,SPGI,S&P GLOBAL INC,15026.0,22.85,8297.0,,2021,SPGI,,,S&P Global,363.10722100656454,,,SPGI,SPGI,S&P Global,1.0,77375.0,4.0,0.0,8.0,1.0339256865912765,external:ai_exposure_by_firm_year.csv
2022-12-31,2022,INDL,SPGI,S&P GLOBAL INC,61784.0,39.95,11181.0,,2022,SPGI,,,S&P Global,279.87484355444303,,,SPGI,SPGI,S&P Global,1.0,75613.0,2.0,0.0,4.0,0.5290095618478304,external:ai_exposure_by_firm_year.csv
2023-12-31,2023,INDL,SPGI,S&P GLOBAL INC,60589.0,40.45,12497.0,,2023,SPGI,,,S&P Global,308.94932014833125,,,SPGI,SPGI,S&P Global,1.0,84808.0,14.0,7.0,35.0,4.12696915385341,external:ai_exposure_by_firm_year.csv
2024-12-31,2024,INDL,SPGI,S&P GLOBAL INC,60221.0,42.35,14208.0,,2024,SPGI,,,S&P Global,335.4899645808737,,,SPGI,SPGI,S&P Global,1.0,86286.0,33.0,7.0,73.0,8.460236886632826,external:ai_exposure_by_firm_year.csv
2025-12-31,2025,INDL,SPGI,S&P GLOBAL INC,61200.0,44.5,15336.0,,2025,SPGI,,,S&P Global,344.6292134831461,,,SPGI,SPGI,S&P Global,1.0,85509.0,47.0,7.0,101.0,11.811622168426716,external:ai_exposure_by_firm_year.csv
1963-12-31,1963,INDL,STT,STATE STREET CORP,661.722,1.787,29.246,11.327,1963,STT,466.4,3.0,State Street family,16.365976496922215,260.99608282036934,6.338556239507555,,,,,,,,,,missing
1964-12-31,1964,INDL,STT,STATE STREET CORP,698.501,1.839,31.835,11.82,1964,STT,531.7,3.0,State Street family,17.3110386079391,289.1245241979337,6.427406199021207,,,,,,,,,,missing
1965-12-31,1965,INDL,STT,STATE STREET CORP,770.838,1.86,35.809,12.721,1965,STT,655.0,3.0,State Street family,19.252150537634407,352.1505376344086,6.839247311827957,,,,,,,,,,missing
1966-12-31,1966,INDL,STT,STATE STREET CORP,798.764,2.164,44.513,15.55,1966,STT,635.7,3.0,State Street family,20.56977818853974,293.7615526802218,7.185767097966728,,,,,,,,,,missing
1967-12-31,1967,INDL,STT,STATE STREET CORP,980.879,2.117,50.878,17.032,1967,STT,818.3,4.0,State Street family,24.033065658951347,386.5375531412376,8.045347189418989,,,,,,,,,,missing
1968-12-31,1968,INDL,STT,STATE STREET CORP,1117.874,2.7,64.215,19.826,1968,STT,1000.738,4.0,State Street family,23.78333333333333,370.6437037037037,7.342962962962963,,,,,,,,,,missing
1969-12-31,1969,INDL,STT,STATE STREET CORP,1171.494,3.769,82.67,27.699,1969,STT,956.8,4.0,State Street family,21.934200053064473,253.86044043512865,7.349164234544972,,,,,,,,,,missing
1970-12-31,1970,INDL,STT,STATE STREET CORP,1287.048,3.6,95.738,33.461,1970,STT,912.5,4.0,State Street family,26.593888888888888,253.47222222222223,9.294722222222221,,,,,,,,,,missing
1971-12-31,1971,INDL,STT,STATE STREET CORP,1288.604,3.2,93.019,33.217,1971,STT,1098.4540000000002,4.0,State Street family,29.0684375,343.266875,10.380312499999999,,,,,,,,,,missing
1972-12-31,1972,INDL,STT,STATE STREET CORP,1531.469,2.8,90.532,30.997,1972,STT,1397.846,4.0,State Street family,32.332857142857144,499.2307142857143,11.070357142857144,,,,,,,,,,missing
1973-12-31,1973,INDL,STT,STATE STREET CORP,1752.784,3.143,123.423,32.732,1973,STT,1080.881,4.0,State Street family,39.269169583200764,343.90104995227495,10.414253897550111,,,,,,,,,,missing
1974-12-31,1974,INDL,STT,STATE STREET CORP,1858.154,3.1,169.861,37.202,1974,STT,759.955,4.0,State Street family,54.79387096774193,245.1467741935484,12.000645161290322,,,,,,,,,,missing
1975-12-31,1975,INDL,STT,STATE STREET CORP,1854.978,3.0,152.173,38.914,1975,STT,1009.856,4.0,State Street family,50.724333333333334,336.6186666666667,12.971333333333334,,,,,,,,,,missing
1976-12-31,1976,INDL,STT,STATE STREET CORP,1930.698,2.9,146.138,40.272,1976,STT,1171.245,4.0,State Street family,50.39241379310345,403.8775862068965,13.886896551724139,,,,,,,,,,missing
1977-12-31,1977,INDL,STT,STATE STREET CORP,1962.277,2.9,150.742,42.713,1977,STT,1082.317,5.0,State Street family,51.98,373.21275862068967,14.728620689655173,,,,,,,,,,missing
1978-12-31,1978,INDL,STT,STATE STREET CORP,2221.177,3.0,176.744,46.655,1978,STT,1141.476,5.0,State Street family,58.91466666666667,380.492,15.551666666666668,,,,,,,,,,missing
1979-12-31,1979,INDL,STT,STATE STREET CORP,2598.144,3.1,247.824,53.215,1979,STT,1348.56,5.0,State Street family,79.94322580645161,435.01935483870966,17.166129032258066,,,,,,,,,,missing
1980-12-31,1980,INDL,STT,STATE STREET CORP,3009.109,3.3,316.265,60.725,1980,STT,1588.312,6.0,State Street family,95.8378787878788,481.3066666666667,18.401515151515152,,,,,,,,,,missing
1981-12-31,1981,INDL,STT,STATE STREET CORP,3388.065,3.5,402.621,71.998,1981,STT,1629.8629999999998,7.0,State Street family,115.03457142857143,465.6751428571428,20.570857142857143,,,,,,,,,,missing
1982-12-31,1982,INDL,STT,STATE STREET CORP,3914.979,3.8,466.318,89.905,1982,STT,1860.907,8.0,State Street family,122.71526315789474,489.71236842105264,23.659210526315793,,,,,,,,,,missing
1983-12-31,1983,INDL,STT,STATE STREET CORP,4044.453,3.6,442.786,100.563,1983,STT,2142.404,9.0,State Street family,122.9961111111111,595.1122222222222,27.934166666666666,,,,,,,,,,missing
1984-12-31,1984,INDL,STT,STATE STREET CORP,4744.219,3.91,481.846,107.071,1984,STT,2247.288,9.0,State Street family,123.23427109974425,574.7539641943733,27.38388746803069,,,,,,,,,,missing
1985-12-31,1985,INDL,STT,STATE STREET CORP,6652.691,4.716,546.041,131.2,1985,STT,3002.423,9.0,State Street family,115.78477523324852,636.6460983884647,27.82018659881255,,,,,,,,,,missing
1986-12-31,1986,INDL,STT,STATE STREET CORP,7189.816,5.423,640.289,160.945,1986,STT,3543.836,13.0,State Street family,118.0691499170201,653.4825742209109,29.678222386133136,,,,,,,,,,missing
1987-12-31,1987,INDL,STT,STATE STREET CORP,6955.223,6.943,756.881,201.808,1987,STT,5531.768,14.0,State Street family,109.01353881607375,796.740313985309,29.066397810744636,,,,,,,,,,missing
1988-12-31,1988,INDL,STT,STATE STREET CORP,8371.949,7.298,896.827,245.099,1988,STT,5597.542,16.0,State Street family,122.88668128254317,766.9967114277885,33.584406686763494,,,,,,,,,,missing
1989-12-31,1989,INDL,STT,STATE STREET CORP,9983.02,7.624,1091.968,264.803,1989,STT,6502.503000000001,17.0,State Street family,143.2277019937041,852.8991343126969,34.73281741867786,,,,,,,,,,missing
1990-12-31,1990,INDL,STT,STATE STREET CORP,11650.898,8.129,1320.388,299.973,1990,STT,6853.3369999999995,18.0,State Street family,162.42932710050437,843.0725796530938,36.90158691105918,,,,,,,,,,missing
1991-12-31,1991,INDL,STT,STATE STREET CORP,15046.297,8.321,1357.871,336.764,1991,STT,8367.194,18.0,State Street family,163.1860353322918,1005.5514962143973,40.471577935344314,,,,,,,,,,missing
1992-12-31,1992,INDL,STT,STATE STREET CORP,16489.797,9.338,1417.276,409.888,1992,STT,10042.616,23.0,State Street family,151.77511244377814,1075.456843007068,43.89462411651317,,,,,,,,,,missing
1993-12-31,1993,INDL,STT,STATE STREET CORP,18720.098,10.117,1532.283,479.168,1993,STT,13061.221,55.0,State Street family,151.45626173766925,1291.0171987743402,47.36265691410497,,,,,,,,,,missing
1994-12-31,1994,INDL,STT,STATE STREET CORP,21729.5,11.127,1885.76,571.136,1994,STT,12752.593,69.0,State Street family,169.4760492495731,1146.0944549294509,51.328839759144415,,,,,,,,,,missing
1995-12-31,1995,INDL,STT,STATE STREET CORP,25785.199,11.324,2455.691,650.604,1995,STT,16431.745,71.0,State Street family,216.85720593429883,1451.0548392794065,57.4535499823384,,,,,,,,,,missing
1996-12-31,1996,INDL,STT,STATE STREET CORP,31524.0,12.792,2745.0,775.0,1996,STT,18760.305,74.0,State Street family,214.5872420262664,1466.5654315196998,60.58474046278924,,,,,,,,,,missing
1997-12-31,1997,INDL,STT,STATE STREET CORP,37975.0,14.199,3428.0,973.0,1997,STT,25777.92,74.0,State Street family,241.42545249665469,1815.474329178111,68.52595253186844,,,,,,,,,,missing
1998-12-31,1998,INDL,STT,STATE STREET CORP,47082.0,16.816,4234.0,1175.0,1998,STT,37186.0,108.0,State Street family,251.78401522359658,2211.346336822074,69.87392959086584,,,,,,,,,,missing
1999-12-31,1999,INDL,STT,STATE STREET CORP,60896.0,17.213,4749.0,1313.0,1999,STT,50762.0,116.0,State Street family,275.89612502178585,2949.0501365247196,76.27955614942195,,,,,,,,,,missing
2000-12-31,2000,INDL,STT,STATE STREET CORP,69298.0,17.022,5921.0,1524.0,2000,STT,56911.2,136.0,State Street family,347.8439666314182,3343.3909058865,89.53119492421573,,,,,,,,,,missing
2001-12-31,2001,INDL,STT,STATE STREET CORP,69896.0,19.753,5687.0,1663.0,2001,STT,63467.0,138.0,State Street family,287.9056345871513,3213.0309320103274,84.18974333012707,,,,,,,,,,missing
2002-12-31,2002,INDL,STT,STATE STREET CORP,85794.0,19.501,4900.0,1670.0,2002,STT,71061.1,124.0,State Street family,251.26916568381108,3643.972103994667,85.63663401876826,,,,,,,,,,missing
2003-12-31,2003,INDL,STT,STATE STREET CORP,87534.0,19.85,5118.0,1731.0,2003,STT,84352.5,110.0,State Street family,257.8337531486146,4249.496221662468,87.20403022670024,,,,,,,,,,missing
2004-12-31,2004,INDL,STT,STATE STREET CORP,94040.0,19.668,5861.0,1957.0,2004,STT,105327.0,114.0,State Street family,297.9967459833232,5355.2471018913975,99.50172869635958,,,,,,,,,,missing
2005-12-31,2005,INDL,STT,STATE STREET CORP,97968.0,20.965,7480.0,2231.0,2005,STT,111611.4,71.0,State Street family,356.78511805389934,5323.701407107083,106.41545432864298,,,,,,,,,,missing
2006-12-31,2006,INDL,STT,STATE STREET CORP,107353.0,21.7,9525.0,2652.0,2006,STT,134279.6,81.0,State Street family,438.94009216589865,6188.000000000001,122.21198156682028,,,,,,,,,,missing
2007-12-31,2007,INDL,STT,STATE STREET CORP,142543.0,27.11,11818.0,3256.0,2007,STT,198216.2,121.0,State Street family,435.92770195499816,7311.552932497234,120.1032829214312,,,,,,,,,,missing
2008-12-31,2008,INDL,STT,STATE STREET CORP,173631.0,28.475,12572.0,3842.0,2008,STT,175275.0,136.0,State Street family,441.5100965759438,6155.3994732221245,134.92537313432834,,,,,,,,,,missing
2009-12-31,2009,INDL,STT,STATE STREET CORP,157946.0,27.31,9362.0,3037.0,2009,STT,218063.4,140.0,State Street family,342.8048333943611,7984.745514463567,111.20468692786525,,,,,,,,,,missing
2010-12-31,2010,INDL,STT,STATE STREET CORP,160505.0,28.67,9716.0,3524.0,2010,STT,303639.7,144.0,State Street family,338.89082664806415,10590.851063829787,122.91594000697593,,,,,,,,,,missing
2011-12-31,2011,INDL,STT,STATE STREET CORP,216827.0,29.74,10207.0,3820.0,2011,STT,324919.7,156.0,State Street family,343.20780094149296,10925.342972427708,128.44653665097513,,,,,,,,,,missing
2012-12-31,2012,INDL,STT,STATE STREET CORP,222582.0,29.66,10125.0,3837.0,2012,STT,396760.1,164.0,State Street family,341.3688469318948,13376.942009440323,129.36614969656102,,,,,,,,,,missing
2013-12-31,2013,INDL,STT,STATE STREET CORP,243291.0,29.4,10295.0,3800.0,2013,STT,469054.1,174.0,State Street family,350.1700680272109,15954.221088435374,129.2517006802721,,,,,,,,,,missing
2014-12-31,2014,INDL,STT,STATE STREET CORP,274119.0,29.97,10687.0,3976.0,2014,STT,540444.155,240.0,State Street family,356.58992325658994,18032.83800467134,132.66599933266602,,,,,,,,,,missing
2015-12-31,2015,INDL,STT,STATE STREET CORP,245192.0,32.356,10595.0,3988.0,2015,STT,482811.9,257.0,State Street family,327.4508591914946,14921.86611447645,123.25380145877116,STT,STT,State Street family,1.0,143224.0,0.0,2.0,2.0,0.1396414008825336,external:ai_exposure_by_firm_year.csv
2016-12-31,2016,INDL,STT,STATE STREET CORP,242698.0,33.783,10582.0,4364.0,2016,STT,608198.6,259.0,State Street family,313.2344670396353,18003.096231832576,129.17739691560843,STT,STT,State Street family,1.0,144699.0,0.0,1.0,1.0,0.0691089779473251,external:ai_exposure_by_firm_year.csv
2017-12-31,2017,INDL,STT,STATE STREET CORP,238425.0,36.643,11744.0,4394.0,2017,STT,737966.5,239.0,State Street family,320.49777583713126,20139.358131157383,119.91376251944436,STT,STT,State Street family,1.0,146499.0,0.0,1.0,1.0,0.0682598516030826,external:ai_exposure_by_firm_year.csv
2018-12-31,2018,INDL,STT,STATE STREET CORP,244626.0,40.142,12973.0,4521.0,2018,STT,674622.7,236.0,State Street family,323.1777190972049,16805.906531812067,112.62518060883862,STT,STT,State Street family,1.0,142901.0,0.0,1.0,1.0,0.0699785165954052,external:ai_exposure_by_firm_year.csv
2019-12-31,2019,INDL,STT,STATE STREET CORP,245610.0,39.103,13131.0,4443.0,2019,STT,867167.7999999999,230.0,State Street family,335.80543692299824,22176.503081604988,113.62299567808095,STT,STT,State Street family,1.0,144197.0,0.0,4.0,4.0,0.277398281517646,external:ai_exposure_by_firm_year.csv
2020-12-31,2020,INDL,STT,STATE STREET CORP,314706.0,39.439,12078.0,4368.0,2020,STT,1020313.0,233.0,State Street family,306.24508735008493,25870.66102081696,110.75331524632978,STT,STT,State Street family,1.0,149285.0,0.0,8.0,8.0,0.5358877315202465,external:ai_exposure_by_firm_year.csv
2021-12-31,2021,INDL,STT,STATE STREET CORP,314624.0,38.784,12030.0,4554.0,2021,STT,1306221.3,241.0,State Street family,310.1794554455446,33679.385829207924,117.41955445544555,STT,STT,State Street family,1.0,152116.0,2.0,5.0,9.0,0.5916537379368377,external:ai_exposure_by_firm_year.csv
2022-12-31,2022,INDL,STT,STATE STREET CORP,301450.0,42.226,13669.0,4428.0,2022,STT,1178258.7,249.0,State Street family,323.71051011225313,27903.630464642636,104.86430161511865,STT,STT,State Street family,1.0,148250.0,4.0,2.0,10.0,0.6745362563237773,external:ai_exposure_by_firm_year.csv
2023-12-31,2023,INDL,STT,STATE STREET CORP,297258.0,46.451,18366.0,4744.0,2023,STT,1503056.6,244.0,State Street family,395.3843835439495,32357.895416675638,102.1291253148479,STT,STT,State Street family,1.0,147582.0,4.0,1.0,9.0,0.6098304671301378,external:ai_exposure_by_firm_year.csv
2024-12-31,2024,INDL,STT,STATE STREET CORP,353240.0,52.626,21973.0,4697.0,2024,STT,1815694.9,267.0,State Street family,417.5312583133812,34501.8602971915,89.25246076084065,STT,STT,State Street family,1.0,148803.0,10.0,3.0,23.0,1.5456677620746893,external:ai_exposure_by_firm_year.csv
2025-12-31,2025,INDL,STT,STATE STREET CORP,366047.0,51.503,22628.0,5035.0,2025,STT,2225117.8,278.0,State Street family,439.3530473952974,43203.65415606857,97.76129545851698,STT,STT,State Street family,1.0,145686.0,12.0,3.0,27.0,1.8533009348873608,external:ai_exposure_by_firm_year.csv
1958-12-31,1958,INDL,JPM,JPMORGAN CHASE & CO,,,,,1958,JPM,,,JPMorgan family,,,,,,,,,,,,,missing
1959-12-31,1959,INDL,JPM,JPMORGAN CHASE & CO,4339.598,,136.718,47.098,1959,JPM,,,JPMorgan family,,,,,,,,,,,,,missing
1960-12-31,1960,INDL,JPM,JPMORGAN CHASE & CO,4567.988,7.405,169.045,51.732,1960,JPM,,,JPMorgan family,22.828494260634702,,6.9860904794058065,,,,,,,,,,missing
1961-12-31,1961,INDL,JPM,JPMORGAN CHASE & CO,5080.234,7.92,172.132,55.26,1961,JPM,,,JPMorgan family,21.733838383838386,,6.9772727272727275,,,,,,,,,,missing
1962-12-31,1962,INDL,JPM,JPMORGAN CHASE & CO,5282.008,8.247,192.544,58.706,1962,JPM,,,JPMorgan family,23.34715654177277,,7.1184673214502245,,,,,,,,,,missing
1963-12-31,1963,INDL,JPM,JPMORGAN CHASE & CO,5871.57,8.302,,61.887,1963,JPM,,,JPMorgan family,,,7.454468802698146,,,,,,,,,,missing
1964-12-31,1964,INDL,JPM,JPMORGAN CHASE & CO,6231.242,8.314,,65.791,1964,JPM,,,JPMorgan family,,,7.913278806831849,,,,,,,,,,missing
1965-12-31,1965,INDL,JPM,JPMORGAN CHASE & CO,7035.285,8.348,272.664,68.403,1965,JPM,,,JPMorgan family,32.66219453761379,,8.193938667944417,,,,,,,,,,missing
1966-12-31,1966,INDL,JPM,JPMORGAN CHASE & CO,7343.98,9.035,295.852,75.793,1966,JPM,,,JPMorgan family,32.74510237963475,,8.388821250691755,,,,,,,,,,missing
1967-12-31,1967,INDL,JPM,JPMORGAN CHASE & CO,8460.16,9.707,352.702,82.929,1967,JPM,,,JPMorgan family,36.33480993097764,,8.543216235706192,,,,,,,,,,missing
1968-12-31,1968,INDL,JPM,JPMORGAN CHASE & CO,9076.652,11.049,418.626,99.357,1968,JPM,,,JPMorgan family,37.88813467282107,,8.992397502036384,,,,,,,,,,missing
1969-12-31,1969,INDL,JPM,JPMORGAN CHASE & CO,9739.48,12.079,556.784,119.19,1969,JPM,,,JPMorgan family,46.09520655683417,,9.867538703535061,,,,,,,,,,missing
1970-12-31,1970,INDL,JPM,JPMORGAN CHASE & CO,10979.5,,665.156,136.684,1970,JPM,,,JPMorgan family,,,,,,,,,,,,,missing
1971-12-31,1971,INDL,JPM,JPMORGAN CHASE & CO,12624.5,12.5,639.924,153.369,1971,JPM,,,JPMorgan family,51.19392,,12.26952,,,,,,,,,,missing
1972-12-31,1972,INDL,JPM,JPMORGAN CHASE & CO,15434.902,12.6,695.819,157.629,1972,JPM,,,JPMorgan family,55.223730158730156,,12.510238095238094,,,,,,,,,,missing
1973-12-31,1973,INDL,JPM,JPMORGAN CHASE & CO,18592.203,12.0,1149.528,162.959,1973,JPM,,,JPMorgan family,95.794,,13.579916666666668,,,,,,,,,,missing
1974-12-31,1974,INDL,JPM,JPMORGAN CHASE & CO,22174.703,13.158,1791.923,192.821,1974,JPM,,,JPMorgan family,136.18505851953185,,14.654278765769874,,,,,,,,,,missing
1975-12-31,1975,INDL,JPM,JPMORGAN CHASE & CO,23771.305,15.748,1789.675,252.579,1975,JPM,,,JPMorgan family,113.64458978917958,,16.038798577597156,,,,,,,,,,missing
1976-12-31,1976,INDL,JPM,JPMORGAN CHASE & CO,26613.805,15.543,1716.574,270.33,1976,JPM,,,JPMorgan family,110.4403268352313,,17.392395290484462,,,,,,,,,,missing
1977-12-31,1977,INDL,JPM,JPMORGAN CHASE & CO,30705.906,16.285,1871.234,292.973,1977,JPM,,,JPMorgan family,114.90537304267731,,17.990359226281853,,,,,,,,,,missing
1978-12-31,1978,INDL,JPM,JPMORGAN CHASE & CO,32769.707,17.237,2379.356,336.773,1978,JPM,,,JPMorgan family,138.0377095782329,,19.53779660033649,,,,,,,,,,missing
1979-12-31,1979,INDL,JPM,JPMORGAN CHASE & CO,39375.309,17.494,3273.302,381.809,1979,JPM,,,JPMorgan family,187.10998056476507,,21.825140048016465,,,,,,,,,,missing
1980-12-31,1980,INDL,JPM,JPMORGAN CHASE & CO,41342.211,18.223,4294.993,441.412,1980,JPM,,,JPMorgan family,235.69077539373322,,24.22279536849037,,,,,,,,,,missing
1981-12-31,1981,INDL,JPM,JPMORGAN CHASE & CO,44916.91,19.713,5636.4,519.48,1981,JPM,,,JPMorgan family,285.9229949779333,,26.35215340130878,,,,,,,,,,missing
1982-12-31,1982,INDL,JPM,JPMORGAN CHASE & CO,48274.813,19.535,5445.074,603.518,1982,JPM,,,JPMorgan family,278.7342718198106,,30.89418991553622,,,,,,,,,,missing
1983-12-31,1983,INDL,JPM,JPMORGAN CHASE & CO,51164.914,19.464,4903.242,651.409,1983,JPM,,,JPMorgan family,251.9133785450062,,33.46737566789972,,,,,,,,,,missing
1984-12-31,1984,INDL,JPM,JPMORGAN CHASE & CO,52236.313,20.126,5857.008,704.986,1984,JPM,,,JPMorgan family,291.01699294444995,,35.02861969591573,,,,,,,,,,missing
1985-12-31,1985,INDL,JPM,JPMORGAN CHASE & CO,56990.215,19.691,5650.558,760.651,1985,JPM,34.203,1.0,JPMorgan family,286.961454471586,1.736986440505815,38.629373825605605,,,,,,,,,,missing
1986-12-31,1986,INDL,JPM,JPMORGAN CHASE & CO,60564.117,20.993,5488.023,864.517,1986,JPM,116.667,3.0,JPMorgan family,261.4215690944601,5.557423903205831,41.18120325822894,,,,,,,,,,missing
1987-12-31,1987,INDL,JPM,JPMORGAN CHASE & CO,78189.0,28.597,6754.799,1134.4,1987,JPM,605.842,9.0,JPMorgan family,236.20656012868483,21.18550896947232,39.66849669545757,,,,,,,,,,missing
1988-12-31,1988,INDL,JPM,JPMORGAN CHASE & CO,67349.0,27.225,7643.997,1240.2,1988,JPM,860.741,10.0,JPMorgan family,280.7712396694215,31.61583103764922,45.553719008264466,,,,,,,,,,missing
1989-12-31,1989,INDL,JPM,JPMORGAN CHASE & CO,71513.0,29.139,8227.097,1355.9,1989,JPM,1147.664,13.0,JPMorgan family,282.3397165311095,39.385840282782524,46.53213905762038,,,,,,,,,,missing
1990-12-31,1990,INDL,JPM,JPMORGAN CHASE & CO,73019.0,26.689,7966.499,1335.3,1990,JPM,1827.092,15.0,JPMorgan family,298.4937240061449,68.45861590917607,50.03184832702611,,,,,,,,,,missing
1991-12-31,1991,INDL,JPM,JPMORGAN CHASE & CO,138930.0,43.169,14128.0,2369.0,1991,JPM,3443.93,25.0,JPMorgan family,327.2718849174176,79.77784984595428,54.87734253746902,,,,,,,,,,missing
1992-12-31,1992,INDL,JPM,JPMORGAN CHASE & CO,139655.0,39.687,12174.0,2349.0,1992,JPM,5876.058,41.0,JPMorgan family,306.75032126388993,148.06001965379093,59.188147252248854,,,,,,,,,,missing
1993-12-31,1993,INDL,JPM,JPMORGAN CHASE & CO,149888.0,41.567,12427.0,2466.0,1993,JPM,11440.479,79.0,JPMorgan family,298.9631197825198,275.2298457911324,59.325907570909614,,,,,,,,,,missing
1994-12-31,1994,INDL,JPM,JPMORGAN CHASE & CO,171423.0,42.13,12685.0,2644.0,1994,JPM,14964.92,89.0,JPMorgan family,301.0918585331118,355.20816520294323,62.75812959886066,,,,,,,,,,missing
1995-12-31,1995,INDL,JPM,JPMORGAN CHASE & CO,303989.0,72.696,26368.0,5107.0,1995,JPM,21083.337,100.0,JPMorgan family,362.7159678661825,290.0205926048201,70.2514581269946,,,,,,,,,,missing
1996-12-31,1996,INDL,JPM,JPMORGAN CHASE & CO,336099.0,67.785,27421.0,5158.0,1996,JPM,31354.132,144.0,JPMorgan family,404.5290255956333,462.55265914287827,76.09353101718669,,,,,,,,,,missing
1997-12-31,1997,INDL,JPM,JPMORGAN CHASE & CO,365521.0,69.033,30381.0,5437.0,1997,JPM,43650.555,177.0,JPMorgan family,440.0938681500152,632.3143279301204,78.75943389393478,,,,,,,,,,missing
1998-12-31,1998,INDL,JPM,JPMORGAN CHASE & CO,365875.0,72.683,32379.0,5879.0,1998,JPM,59877.6,190.0,JPMorgan family,445.48243743378777,823.8184995115776,80.88548904145398,,,,,,,,,,missing
1999-12-31,1999,INDL,JPM,JPMORGAN CHASE & CO,406105.0,74.801,33544.0,6642.0,1999,JPM,83577.7,200.0,JPMorgan family,448.44320263098086,1117.333992861058,88.79560433684041,,,,,,,,,,missing
2000-12-31,2000,INDL,JPM,JPMORGAN CHASE & CO,715348.0,,58934.0,12748.0,2000,JPM,99700.2,204.0,JPMorgan family,,,,,,,,,,,,,missing
2001-12-31,2001,INDL,JPM,JPMORGAN CHASE & CO,693575.0,95.812,50429.0,11944.0,2001,JPM,165022.1,263.0,JPMorgan family,526.332818436104,1722.3531499185906,124.66079405502443,,,,,,,,,,missing
2002-12-31,2002,INDL,JPM,JPMORGAN CHASE & CO,758800.0,94.335,43372.0,10983.0,2002,JPM,148802.0,275.0,JPMorgan family,459.76572852069756,1577.3784915460858,116.42550484973765,,,,,,,,,,missing
2003-12-31,2003,INDL,JPM,JPMORGAN CHASE & CO,770912.0,93.453,44363.0,11695.0,2003,JPM,151794.0,293.0,JPMorgan family,474.709212117321,1624.281724503226,125.14312007105175,,,,,,,,,,missing
2004-12-31,2004,INDL,JPM,JPMORGAN CHASE & CO,1157248.0,160.968,56931.0,14506.0,2004,JPM,158257.2,295.0,JPMorgan family,353.6789920978083,983.1593857164158,90.11729039312162,,,,,,,,,,missing
2005-12-31,2005,INDL,JPM,JPMORGAN CHASE & CO,1198942.0,168.847,79902.0,18255.0,2005,JPM,206519.7,369.0,JPMorgan family,473.22131870865337,1223.117378455051,108.11563131118704,,,,,,,,,,missing
2006-12-31,2006,INDL,JPM,JPMORGAN CHASE & CO,1351520.0,174.36,99302.0,21191.0,2006,JPM,241447.6,411.0,JPMorgan family,569.5228263363156,1384.7648543243863,121.53590272998393,,,,,,,,,,missing
2007-12-31,2007,INDL,JPM,JPMORGAN CHASE & CO,1562147.0,180.667,116353.0,22689.0,2007,JPM,295087.2,474.0,JPMorgan family,644.0191069758174,1633.3209717325246,125.58463914273221,,,,,,,,,,missing
2008-12-31,2008,INDL,JPM,JPMORGAN CHASE & CO,2175052.0,224.961,101491.0,22746.0,2008,JPM,412783.9,500.0,JPMorgan family,451.14931032490074,1834.9131627259835,101.11085921559736,,,,,,,,,,missing
2009-12-31,2009,INDL,JPM,JPMORGAN CHASE & CO,2031989.0,222.316,115632.0,26928.0,2009,JPM,439222.5,474.0,JPMorgan family,520.1245074578528,1975.6675183072743,121.12488529840407,,,,,,,,,,missing
2010-12-31,2010,INDL,JPM,JPMORGAN CHASE & CO,2117605.0,239.831,115475.0,28124.0,2010,JPM,406385.8,538.0,JPMorgan family,481.4848789355838,1694.4673540951753,117.26590807693752,,,,,,,,,,missing
2011-12-31,2011,INDL,JPM,JPMORGAN CHASE & CO,2265792.0,260.157,110838.0,29037.0,2011,JPM,416989.4,569.0,JPMorgan family,426.0427357326538,1602.8375173452955,111.61337192541427,,,,,,,,,,missing
2012-12-31,2012,INDL,JPM,JPMORGAN CHASE & CO,2359141.0,258.965,107084.0,30585.0,2012,JPM,434218.9,649.0,JPMorgan family,413.5076168594212,1676.7474369123242,118.10476319193715,,,,,,,,,,missing
2013-12-31,2013,INDL,JPM,JPMORGAN CHASE & CO,2415689.0,251.196,105790.0,30810.0,2013,JPM,481018.2,622.0,JPMorgan family,421.14524116626063,1914.911861653848,122.65322696221277,,,,,,,,,,missing
2014-12-31,2014,INDL,JPM,JPMORGAN CHASE & CO,2573126.0,241.359,102102.0,30160.0,2014,JPM,541457.5,624.0,JPMorgan family,423.02959491877243,2243.3698349761144,124.95908584308022,,,,,,,,,,missing
2015-12-31,2015,INDL,JPM,JPMORGAN CHASE & CO,2351698.0,234.598,100492.0,29750.0,2015,JPM,532573.5,582.0,JPMorgan family,428.3582980247061,2270.1536244980775,126.81267529987467,JPM,JPM,JPMorgan family,1.0,224726.0,0.0,1.0,1.0,0.0444986338919395,external:ai_exposure_by_firm_year.csv
2016-12-31,2016,INDL,JPM,JPMORGAN CHASE & CO,2490972.0,243.355,105486.0,29979.0,2016,JPM,547798.9,638.0,JPMorgan family,433.4655133447022,2251.0279221713135,123.19040085471842,JPM,JPM,JPMorgan family,1.0,219377.0,0.0,1.0,1.0,0.0455836300067919,external:ai_exposure_by_firm_year.csv
2017-12-31,2017,INDL,JPM,JPMORGAN CHASE & CO,2533600.0,252.539,113254.0,31009.0,2017,JPM,580588.9,638.0,JPMorgan family,448.46142575998164,2299.0068860651227,122.7889553692697,JPM,JPM,JPMorgan family,1.0,213871.0,0.0,2.0,2.0,0.0935143147037232,external:ai_exposure_by_firm_year.csv
2018-12-31,2018,INDL,JPM,JPMORGAN CHASE & CO,2622532.0,256.105,131412.0,33117.0,2018,JPM,592295.5,646.0,JPMorgan family,513.1176665820659,2312.7057261670016,129.3102438452978,JPM,JPM,JPMorgan family,1.0,213203.0,0.0,2.0,2.0,0.0938073104036997,external:ai_exposure_by_firm_year.csv
2019-12-31,2019,INDL,JPM,JPMORGAN CHASE & CO,2687379.0,256.981,142422.0,34155.0,2019,JPM,708540.3,624.0,JPMorgan family,554.2121791105179,2757.169985329655,132.9086586167849,JPM,JPM,JPMorgan family,1.0,235068.0,0.0,4.0,4.0,0.1701635271495907,external:ai_exposure_by_firm_year.csv
2020-12-31,2020,INDL,JPM,JPMORGAN CHASE & CO,3386071.0,255.351,129503.0,34988.0,2020,JPM,1026276.07,616.0,JPMorgan family,507.15681552059715,4019.0798939498964,137.0192401831205,JPM,JPM,JPMorgan family,1.0,224571.0,0.0,4.0,4.0,0.1781173882647359,external:ai_exposure_by_firm_year.csv
2021-12-31,2021,INDL,JPM,JPMORGAN CHASE & CO,3743567.0,271.025,127202.0,38567.0,2021,JPM,950675.5,623.0,JPMorgan family,469.3367770500877,3507.704086338899,142.30052578175446,JPM,JPM,JPMorgan family,1.0,229955.0,1.0,5.0,7.0,0.3044073840534017,external:ai_exposure_by_firm_year.csv
2022-12-31,2022,INDL,JPM,JPMORGAN CHASE & CO,3665743.0,293.723,154792.0,41636.0,2022,JPM,812961.2999999999,615.0,JPMorgan family,526.9999285040667,2767.7822301964775,141.75260364356893,JPM,JPM,JPMorgan family,1.0,210793.0,1.0,4.0,6.0,0.2846394329982495,external:ai_exposure_by_firm_year.csv
2023-12-31,2023,INDL,JPM,JPMORGAN CHASE & CO,3875393.0,309.926,236311.0,46465.0,2023,JPM,1092197.0,580.0,JPMorgan family,762.4755586817498,3524.0573556268273,149.92288481766616,JPM,JPM,JPMorgan family,1.0,209837.0,0.0,4.0,4.0,0.190624151126827,external:ai_exposure_by_firm_year.csv
2024-12-31,2024,INDL,JPM,JPMORGAN CHASE & CO,4002814.0,317.233,278803.0,51357.0,2024,JPM,1281277.0,571.0,JPMorgan family,878.8587568128158,4038.9146148099344,161.8904716722409,JPM,JPM,JPMorgan family,1.0,224015.0,5.0,3.0,13.0,0.5803182822578845,external:ai_exposure_by_firm_year.csv
2025-12-31,2025,INDL,JPM,JPMORGAN CHASE & CO,4424900.0,318.512,279717.0,54487.0,2025,JPM,1461286.1,526.0,JPMorgan family,878.199251519566,4587.852576982971,171.06733812226855,JPM,JPM,JPMorgan family,1.0,219038.0,18.0,4.0,40.0,1.8261671490791551,external:ai_exposure_by_firm_year.csv
1958-12-31,1958,INDL,BAC,BANK OF AMERICA CORP,,,,,1958,BAC,,,Bank of America / Merrill Lynch family,,,,,,,,,,,,,missing
1959-12-31,1959,INDL,BAC,BANK OF AMERICA CORP,278.69,0.645,8.25,3.17,1959,BAC,,,Bank of America / Merrill Lynch family,12.790697674418604,,4.9147286821705425,,,,,,,,,,missing
1960-12-31,1960,INDL,BAC,BANK OF AMERICA CORP,532.87,1.552,,6.8,1960,BAC,,,Bank of America / Merrill Lynch family,,,4.381443298969072,,,,,,,,,,missing
1961-12-31,1961,INDL,BAC,BANK OF AMERICA CORP,587.719,1.574,,8.26,1961,BAC,,,Bank of America / Merrill Lynch family,,,5.247776365946632,,,,,,,,,,missing
1962-12-31,1962,INDL,BAC,BANK OF AMERICA CORP,660.719,1.738,,8.82,1962,BAC,,,Bank of America / Merrill Lynch family,,,5.074798619102417,,,,,,,,,,missing
1963-12-31,1963,INDL,BAC,BANK OF AMERICA CORP,691.136,1.8,28.603,9.616,1963,BAC,,,Bank of America / Merrill Lynch family,15.890555555555556,,5.3422222222222215,,,,,,,,,,missing
1964-12-31,1964,INDL,BAC,BANK OF AMERICA CORP,790.183,1.79,31.232,9.858,1964,BAC,,,Bank of America / Merrill Lynch family,17.44804469273743,,5.5072625698324025,,,,,,,,,,missing
1965-12-31,1965,INDL,BAC,BANK OF AMERICA CORP,876.493,1.932,35.854,9.887,1965,BAC,,,Bank of America / Merrill Lynch family,18.557971014492754,,5.117494824016563,,,,,,,,,,missing
1966-12-31,1966,INDL,BAC,BANK OF AMERICA CORP,949.517,2.126,42.593,10.959,1966,BAC,,,Bank of America / Merrill Lynch family,20.034336782690502,,5.154750705550329,,,,,,,,,,missing
1967-12-31,1967,INDL,BAC,BANK OF AMERICA CORP,1103.747,2.319,53.969,15.132,1967,BAC,,,Bank of America / Merrill Lynch family,23.27253126347564,,6.52522639068564,,,,,,,,,,missing
1968-12-31,1968,INDL,BAC,BANK OF AMERICA CORP,1296.629,2.526,63.271,17.635,1968,BAC,,,Bank of America / Merrill Lynch family,25.047901821060968,,6.981393507521775,,,,,,,,,,missing
1969-12-31,1969,INDL,BAC,BANK OF AMERICA CORP,1431.288,2.918,92.782,24.336,1969,BAC,,,Bank of America / Merrill Lynch family,31.796435915010278,,8.339958875942425,,,,,,,,,,missing
1970-12-31,1970,INDL,BAC,BANK OF AMERICA CORP,1678.029,,111.772,29.104,1970,BAC,,,Bank of America / Merrill Lynch family,,,,,,,,,,,,,missing
1971-12-31,1971,INDL,BAC,BANK OF AMERICA CORP,2114.258,3.34,127.359,32.742,1971,BAC,,,Bank of America / Merrill Lynch family,38.131437125748505,,9.802994011976047,,,,,,,,,,missing
1972-12-31,1972,INDL,BAC,BANK OF AMERICA CORP,2956.261,3.964,170.365,39.538,1972,BAC,,,Bank of America / Merrill Lynch family,42.978052472250255,,9.974268415741674,,,,,,,,,,missing
1973-12-31,1973,INDL,BAC,BANK OF AMERICA CORP,4112.133,4.333,280.372,45.922,1973,BAC,44.2,1.0,Bank of America / Merrill Lynch family,64.70620816985922,10.200784675744288,10.598199861527808,,,,,,,,,,missing
1974-12-31,1974,INDL,BAC,BANK OF AMERICA CORP,3896.582,4.443,357.265,48.784,1974,BAC,38.0,1.0,Bank of America / Merrill Lynch family,80.41075849651136,8.552779653387352,10.979968489759173,,,,,,,,,,missing
1975-12-31,1975,INDL,BAC,BANK OF AMERICA CORP,4090.649,4.312,287.524,51.746,1975,BAC,40.3,1.0,Bank of America / Merrill Lynch family,66.6799628942486,9.346011131725415,12.000463821892392,,,,,,,,,,missing
1976-12-31,1976,INDL,BAC,BANK OF AMERICA CORP,4433.16,4.29,285.314,53.824,1976,BAC,56.5,1.0,Bank of America / Merrill Lynch family,66.50675990675991,13.17016317016317,12.546386946386946,,,,,,,,,,missing
1977-12-31,1977,INDL,BAC,BANK OF AMERICA CORP,4646.512,4.371,316.871,58.406,1977,BAC,56.2,1.0,Bank of America / Merrill Lynch family,72.49393731411575,12.857469686570578,13.362159688858384,,,,,,,,,,missing
1978-12-31,1978,INDL,BAC,BANK OF AMERICA CORP,4940.391,4.552,396.603,65.286,1978,BAC,52.6,1.0,Bank of America / Merrill Lynch family,87.12719683655537,11.55536028119508,14.342267135325134,,,,,,,,,,missing
1979-12-31,1979,INDL,BAC,BANK OF AMERICA CORP,6365.289,4.727,560.483,78.185,1979,BAC,48.4,1.0,Bank of America / Merrill Lynch family,118.57055214723924,10.239052253014597,16.54008885127988,,,,,,,,,,missing
1980-12-31,1980,INDL,BAC,BANK OF AMERICA CORP,7175.57,4.857,741.688,91.036,1980,BAC,45.2,2.0,Bank of America / Merrill Lynch family,152.7049619106444,9.30615606341363,18.743257154622196,,,,,,,,,,missing
1981-12-31,1981,INDL,BAC,BANK OF AMERICA CORP,7724.379,5.018,970.233,104.079,1981,BAC,45.1,2.0,Bank of America / Merrill Lynch family,193.3505380629733,8.98764447987246,20.741131925069748,,,,,,,,,,missing
1982-12-31,1982,INDL,BAC,BANK OF AMERICA CORP,11559.5,7.784,1071.251,130.891,1982,BAC,68.7,2.0,Bank of America / Merrill Lynch family,137.62217368961973,8.82579650565262,16.81539054470709,,,,,,,,,,missing
1983-12-31,1983,INDL,BAC,BANK OF AMERICA CORP,12807.703,7.635,1252.486,174.792,1983,BAC,639.0999999999999,3.0,Bank of America / Merrill Lynch family,164.04531761624102,83.70661427635886,22.89351669941061,,,,,,,,,,missing
1984-12-31,1984,INDL,BAC,BANK OF AMERICA CORP,15678.602,9.329,1643.031,208.937,1984,BAC,3153.061,10.0,Bank of America / Merrill Lynch family,176.1208060885411,337.9848858398542,22.396505520420195,,,,,,,,,,missing
1985-12-31,1985,INDL,BAC,BANK OF AMERICA CORP,19754.305,9.981,1935.63,269.766,1985,BAC,7608.283,14.0,Bank of America / Merrill Lynch family,193.93146979260595,762.2766255886185,27.027953110910733,,,,,,,,,,missing
1986-12-31,1986,INDL,BAC,BANK OF AMERICA CORP,27472.406,12.107,2295.379,333.352,1986,BAC,13034.502,17.0,Bank of America / Merrill Lynch family,189.59106302139259,1076.60873874618,27.533823407945818,,,,,,,,,,missing
1987-12-31,1987,INDL,BAC,BANK OF AMERICA CORP,28915.406,12.334,2460.942,357.848,1987,BAC,11460.007,21.0,Bank of America / Merrill Lynch family,199.52505269985406,929.1395329982163,29.01313442516621,,,,,,,,,,missing
1988-12-31,1988,INDL,BAC,BANK OF AMERICA CORP,29848.406,12.979,2833.505,366.723,1988,BAC,9832.55,29.0,Bank of America / Merrill Lynch family,218.3145850990061,757.573773017952,28.255104399414442,,,,,,,,,,missing
1989-12-31,1989,INDL,BAC,BANK OF AMERICA CORP,66190.813,27.002,6036.278,834.566,1989,BAC,11101.064,29.0,Bank of America / Merrill Lynch family,223.54929264498926,411.120065180357,30.907562402784983,,,,,,,,,,missing
1990-12-31,1990,INDL,BAC,BANK OF AMERICA CORP,65284.5,28.393,6682.259,846.321,1990,BAC,15140.616,35.0,Bank of America / Merrill Lynch family,235.34881837072518,533.2517169724932,29.80738210122213,,,,,,,,,,missing
1991-12-31,1991,INDL,BAC,BANK OF AMERICA CORP,110319.0,57.177,11594.0,1822.0,1991,BAC,22977.487,41.0,Bank of America / Merrill Lynch family,202.77384262902916,401.86590762019694,31.865960088846915,,,,,,,,,,missing
1992-12-31,1992,INDL,BAC,BANK OF AMERICA CORP,118059.0,50.828,9942.0,1807.0,1992,BAC,21338.183,52.0,Bank of America / Merrill Lynch family,195.60084992523804,419.8115802313685,35.55127095301802,,,,,,,,,,missing
1993-12-31,1993,INDL,BAC,BANK OF AMERICA CORP,157686.0,57.463,10392.0,1903.0,1993,BAC,25396.152,73.0,Bank of America / Merrill Lynch family,180.84680577066982,441.9565981588152,33.116962219167114,,,,,,,,,,missing
1994-12-31,1994,INDL,BAC,BANK OF AMERICA CORP,169604.0,61.484,13113.0,2311.0,1994,BAC,19727.632,152.0,Bank of America / Merrill Lynch family,213.2749983735606,320.8579793116909,37.587014507839434,,,,,,,,,,missing
1995-12-31,1995,INDL,BAC,BANK OF AMERICA CORP,187298.0,58.322,16327.0,2491.0,1995,BAC,25063.06,166.0,Bank of America / Merrill Lynch family,279.94581804464866,429.7359486986043,42.71115531017455,,,,,,,,,,missing
1996-12-31,1996,INDL,BAC,BANK OF AMERICA CORP,185794.0,62.971,17509.0,2731.0,1996,BAC,28308.406,182.0,Bank of America / Merrill Lynch family,278.04862555779647,449.5467119785298,43.369169935367076,,,,,,,,,,missing
1997-12-31,1997,INDL,BAC,BANK OF AMERICA CORP,264562.0,80.36,21734.0,3643.0,1997,BAC,30159.079,190.0,Bank of America / Merrill Lynch family,270.4579392732703,375.29963912394226,45.33349925335988,,,,,,,,,,missing
1998-12-31,1998,INDL,BAC,BANK OF AMERICA CORP,617679.0,170.975,51794.0,9412.0,1998,BAC,31192.3,195.0,Bank of America / Merrill Lynch family,302.9331773651119,182.4377833016523,55.048983769556955,,,,,,,,,,missing
1999-12-31,1999,INDL,BAC,BANK OF AMERICA CORP,632574.0,155.906,51526.0,9308.0,1999,BAC,12360.2,171.0,Bank of America / Merrill Lynch family,330.49401562479954,79.2798224571216,59.70264133516349,,,,,,,,,,missing
2000-12-31,2000,INDL,BAC,BANK OF AMERICA CORP,642191.0,142.724,57885.0,9400.0,2000,BAC,9692.0,166.0,Bank of America / Merrill Lynch family,405.5729940304364,67.90728959390152,65.86138280877779,,,,,,,,,,missing
2001-12-31,2001,INDL,BAC,BANK OF AMERICA CORP,621764.0,142.67,53151.0,9829.0,2001,BAC,6005.7,125.0,Bank of America / Merrill Lynch family,372.54503399453284,42.09504450830588,68.8932501577066,,,,,,,,,,missing
2002-12-31,2002,INDL,BAC,BANK OF AMERICA CORP,660458.0,133.944,46362.0,9682.0,2002,BAC,5597.900000000001,75.0,Bank of America / Merrill Lynch family,346.12972585558146,41.79283879830378,72.28393955682972,,,,,,,,,,missing
2003-12-31,2003,INDL,BAC,BANK OF AMERICA CORP,736445.0,133.549,49006.0,10446.0,2003,BAC,5389.3,64.0,Bank of America / Merrill Lynch family,366.9514560198878,40.35447663404443,78.21848160600229,,,,,,,,,,missing
2004-12-31,2004,INDL,BAC,BANK OF AMERICA CORP,1110457.0,175.742,65447.0,13473.0,2004,BAC,3484.9,46.0,Bank of America / Merrill Lynch family,372.4038647562905,19.829636626418274,76.66351811177749,,,,,,,,,,missing
2005-12-31,2005,INDL,BAC,BANK OF AMERICA CORP,1291803.0,176.638,85064.0,15054.0,2005,BAC,2859.8,46.0,Bank of America / Merrill Lynch family,481.57248157248154,16.190174254690383,85.22514974127877,,,,,,,,,,missing
2006-12-31,2006,INDL,BAC,BANK OF AMERICA CORP,1459737.0,203.425,115689.0,18211.0,2006,BAC,,,Bank of America / Merrill Lynch family,568.7059112695097,,89.52193683175616,,,,,,,,,,missing
2007-12-31,2007,INDL,BAC,BANK OF AMERICA CORP,1715746.0,209.718,119190.0,18753.0,2007,BAC,,,Bank of America / Merrill Lynch family,568.3346207764713,,89.42007839098218,,,,,,,,,,missing
2008-12-31,2008,INDL,BAC,BANK OF AMERICA CORP,1817943.0,243.075,113106.0,18371.0,2008,BAC,0.0,17.0,Bank of America / Merrill Lynch family,465.3131749460043,0.0,75.57749665741026,,,,,,,,,,missing
2009-12-31,2009,INDL,BAC,BANK OF AMERICA CORP,2223299.0,284.0,150450.0,31528.0,2009,BAC,0.0,17.0,Bank of America / Merrill Lynch family,529.7535211267606,0.0,111.01408450704226,,,,,,,,,,missing
2010-12-31,2010,INDL,BAC,BANK OF AMERICA CORP,2264909.0,288.0,134194.0,35149.0,2010,BAC,0.0,17.0,Bank of America / Merrill Lynch family,465.9513888888889,0.0,122.04513888888889,,,,,,,,,,missing
2011-12-31,2011,INDL,BAC,BANK OF AMERICA CORP,2129046.0,282.0,129913.0,36965.0,2011,BAC,0.0,11.0,Bank of America / Merrill Lynch family,460.6843971631206,0.0,131.08156028368793,,,,,,,,,,missing
2012-12-31,2012,INDL,BAC,BANK OF AMERICA CORP,2209974.0,267.19,99708.0,35648.0,2012,BAC,,,Bank of America / Merrill Lynch family,373.17264867697145,,133.41816684756165,,,,,,,,,,missing
2013-12-31,2013,INDL,BAC,BANK OF AMERICA CORP,2102273.0,242.117,101697.0,34719.0,2013,BAC,,,Bank of America / Merrill Lynch family,420.03246364361036,,143.39761355047355,,,,,,,,,,missing
2014-12-31,2014,INDL,BAC,BANK OF AMERICA CORP,2104534.0,223.715,95181.0,33787.0,2014,BAC,,,Bank of America / Merrill Lynch family,425.45649598819926,,151.02697628679346,,,,,,,,,,missing
2015-12-31,2015,INDL,BAC,BANK OF AMERICA CORP,2144316.0,213.28,93056.0,32868.0,2015,BAC,,,Bank of America / Merrill Lynch family,436.3090772693173,,154.1072768192048,BAC,BAC,Bank of America / Merrill Lynch family,1.0,239545.0,0.0,6.0,6.0,0.2504748585860694,external:ai_exposure_by_firm_year.csv
2016-12-31,2016,INDL,BAC,BANK OF AMERICA CORP,2187702.0,208.024,93662.0,31616.0,2016,BAC,,,Bank of America / Merrill Lynch family,450.2461254470638,,151.9824635618967,BAC,BAC,Bank of America / Merrill Lynch family,1.0,222728.0,0.0,2.0,2.0,0.0897956251571423,external:ai_exposure_by_firm_year.csv
2017-12-31,2017,INDL,BAC,BANK OF AMERICA CORP,2281234.0,209.376,100417.0,31642.0,2017,BAC,,,Bank of America / Merrill Lynch family,479.6012914565184,,151.12524835702277,BAC,BAC,Bank of America / Merrill Lynch family,1.0,199181.0,0.0,2.0,2.0,0.1004111837976513,external:ai_exposure_by_firm_year.csv
2018-12-31,2018,INDL,BAC,BANK OF AMERICA CORP,2354507.0,204.489,111313.0,31880.0,2018,BAC,,,Bank of America / Merrill Lynch family,544.3471286964091,,155.90080640034427,BAC,BAC,Bank of America / Merrill Lynch family,1.0,183220.0,0.0,2.0,2.0,0.1091583888221809,external:ai_exposure_by_firm_year.csv
2019-12-31,2019,INDL,BAC,BANK OF AMERICA CORP,2434079.0,208.131,113589.0,31977.0,2019,BAC,,,Bank of America / Merrill Lynch family,545.7572394309353,,153.63881401617252,BAC,BAC,Bank of America / Merrill Lynch family,1.0,188096.0,2.0,4.0,8.0,0.4253147329023477,external:ai_exposure_by_firm_year.csv
2020-12-31,2020,INDL,BAC,BANK OF AMERICA CORP,2819627.0,212.505,93753.0,32725.0,2020,BAC,,,Bank of America / Merrill Lynch family,441.18020752452884,,153.99637655584576,BAC,BAC,Bank of America / Merrill Lynch family,1.0,181892.0,3.0,6.0,12.0,0.6597321487476084,external:ai_exposure_by_firm_year.csv
2021-12-31,2021,INDL,BAC,BANK OF AMERICA CORP,3169495.0,208.248,93851.0,36140.0,2021,BAC,,,Bank of America / Merrill Lynch family,450.6693941838577,,173.54308324689794,BAC,BAC,Bank of America / Merrill Lynch family,1.0,179354.0,6.0,6.0,18.0,1.0036018154041726,external:ai_exposure_by_firm_year.csv
2022-12-31,2022,INDL,BAC,BANK OF AMERICA CORP,3051375.0,216.823,115053.0,36447.0,2022,BAC,,,Bank of America / Merrill Lynch family,530.630975496142,,168.09563561061327,BAC,BAC,Bank of America / Merrill Lynch family,1.0,172320.0,6.0,6.0,18.0,1.0445682451253482,external:ai_exposure_by_firm_year.csv
2023-12-31,2023,INDL,BAC,BANK OF AMERICA CORP,3180151.0,212.985,173512.0,38330.0,2023,BAC,,,Bank of America / Merrill Lynch family,814.6676996032584,,179.96572528581825,BAC,BAC,Bank of America / Merrill Lynch family,1.0,169722.0,11.0,7.0,29.0,1.7086765416386795,external:ai_exposure_by_firm_year.csv
2024-12-31,2024,INDL,BAC,BANK OF AMERICA CORP,3261519.0,213.193,192434.0,40182.0,2024,BAC,,,Bank of America / Merrill Lynch family,902.6281350701007,,188.47710759734136,BAC,BAC,Bank of America / Merrill Lynch family,1.0,171039.0,18.0,8.0,44.0,2.572512701781465,external:ai_exposure_by_firm_year.csv
2025-12-31,2025,INDL,BAC,BANK OF AMERICA CORP,3411738.0,213.207,191567.0,42346.0,2025,BAC,,,Bank of America / Merrill Lynch family,898.5023943866759,,198.6144920194928,BAC,BAC,Bank of America / Merrill Lynch family,1.0,168552.0,51.0,8.0,110.0,6.526175898239119,external:ai_exposure_by_firm_year.csv
1969-12-31,1969,INDL,BK,BANK OF NEW YORK MELLON CORP,2932.314,,170.536,50.551,1969,BK,454.4740000000001,4.0,BNY Mellon / Dreyfus family,,,,,,,,,,,,,missing
1970-12-31,1970,INDL,BK,BANK OF NEW YORK MELLON CORP,3149.273,5.394,192.973,57.03,1970,BK,515.94,4.0,BNY Mellon / Dreyfus family,35.77549128661476,95.65072302558399,10.572858731924361,,,,,,,,,,missing
1971-12-31,1971,INDL,BK,BANK OF NEW YORK MELLON CORP,3304.691,5.115,191.752,58.125,1971,BK,714.6089999999999,5.0,BNY Mellon / Dreyfus family,37.488172043010756,139.70850439882696,11.363636363636363,,,,,,,,,,missing
1972-12-31,1972,INDL,BK,BANK OF NEW YORK MELLON CORP,3811.045,5.364,206.019,62.104,1972,BK,972.343,5.0,BNY Mellon / Dreyfus family,38.40771812080537,181.27199850857568,11.5779269202088,,,,,,,,,,missing
1973-12-31,1973,INDL,BK,BANK OF NEW YORK MELLON CORP,3992.104,5.317,268.625,65.018,1973,BK,837.046,5.0,BNY Mellon / Dreyfus family,50.5219108519842,157.4282490126011,12.22832424299417,,,,,,,,,,missing
1974-12-31,1974,INDL,BK,BANK OF NEW YORK MELLON CORP,4190.563,5.465,358.853,74.007,1974,BK,1281.957,6.0,BNY Mellon / Dreyfus family,65.66386093321135,234.57584629460203,13.541994510521501,,,,,,,,,,missing
1975-12-31,1975,INDL,BK,BANK OF NEW YORK MELLON CORP,4508.863,5.397,318.489,77.416,1975,BK,1631.2040000000002,7.0,BNY Mellon / Dreyfus family,59.01222901612006,302.24272744117104,14.34426533259218,,,,,,,,,,missing
1976-12-31,1976,INDL,BK,BANK OF NEW YORK MELLON CORP,5202.492,5.234,327.356,82.743,1976,BK,1766.628,9.0,BNY Mellon / Dreyfus family,62.544134505158574,337.52923194497515,15.808750477646159,,,,,,,,,,missing
1977-12-31,1977,INDL,BK,BANK OF NEW YORK MELLON CORP,6449.68,5.253,364.614,83.839,1977,BK,1849.043,9.0,BNY Mellon / Dreyfus family,69.41062250142775,351.9975252236817,15.960213211498191,,,,,,,,,,missing
1978-12-31,1978,INDL,BK,BANK OF NEW YORK MELLON CORP,7280.938,5.381,494.28,92.003,1978,BK,2327.134,9.0,BNY Mellon / Dreyfus family,91.85653224307748,432.4724028990894,17.097751347333208,,,,,,,,,,missing
1979-12-31,1979,INDL,BK,BANK OF NEW YORK MELLON CORP,8994.422,5.833,789.681,104.446,1979,BK,4612.849,12.0,BNY Mellon / Dreyfus family,135.3816218069604,790.8193039602263,17.906051774387105,,,,,,,,,,missing
1980-12-31,1980,INDL,BK,BANK OF NEW YORK MELLON CORP,10422.801,7.199,1097.595,129.023,1980,BK,5744.207,13.0,BNY Mellon / Dreyfus family,152.4649256841228,797.9173496318933,17.922350326434227,,,,,,,,,,missing
1981-12-31,1981,INDL,BK,BANK OF NEW YORK MELLON CORP,11463.0,8.042,1495.531,163.45,1981,BK,11543.961,13.0,BNY Mellon / Dreyfus family,185.96505844317335,1435.4589654314846,20.324546132802784,,,,,,,,,,missing
1982-12-31,1982,INDL,BK,BANK OF NEW YORK MELLON CORP,12723.602,8.524,1520.737,194.235,1982,BK,17772.042999999998,18.0,BNY Mellon / Dreyfus family,178.40649929610515,2084.9416940403567,22.786837165649935,,,,,,,,,,missing
1983-12-31,1983,INDL,BK,BANK OF NEW YORK MELLON CORP,12797.203,8.251,1339.558,207.861,1983,BK,15775.437,21.0,BNY Mellon / Dreyfus family,162.3509877590595,1911.9424312204583,25.19221912495455,,,,,,,,,,missing
1984-12-31,1984,INDL,BK,BANK OF NEW YORK MELLON CORP,15156.801,7.457,1576.955,214.253,1984,BK,18104.134,23.0,BNY Mellon / Dreyfus family,211.47311251173394,2427.803942604264,28.73179562826874,,,,,,,,,,missing
1985-12-31,1985,INDL,BK,BANK OF NEW YORK MELLON CORP,18486.203,7.616,1593.859,224.881,1985,BK,21078.262,30.0,BNY Mellon / Dreyfus family,209.27770483193277,2767.62893907563,29.52744222689076,,,,,,,,,,missing
1986-12-31,1986,INDL,BK,BANK OF NEW YORK MELLON CORP,20708.906,9.304,1749.766,284.355,1986,BK,24503.472,37.0,BNY Mellon / Dreyfus family,188.0659931212382,2633.6491831470335,30.562661220980225,,,,,,,,,,missing
1987-12-31,1987,INDL,BK,BANK OF NEW YORK MELLON CORP,23064.906,10.249,2140.576,340.751,1987,BK,24652.676,66.0,BNY Mellon / Dreyfus family,208.85705922529027,2405.373792565128,33.247243633525216,,,,,,,,,,missing
1988-12-31,1988,INDL,BK,BANK OF NEW YORK MELLON CORP,47388.098,17.776,2620.379,407.561,1988,BK,24806.608,76.0,BNY Mellon / Dreyfus family,147.4110598559856,1395.5112511251125,22.927599009900987,,,,,,,,,,missing
1989-12-31,1989,INDL,BK,BANK OF NEW YORK MELLON CORP,48856.5,14.883,5496.746,700.92,1989,BK,33320.678,82.0,BNY Mellon / Dreyfus family,369.3305113216422,2238.8414970100116,47.09534368070953,,,,,,,,,,missing
1990-12-31,1990,INDL,BK,BANK OF NEW YORK MELLON CORP,45389.797,13.847,5333.075,679.457,1990,BK,42668.753,86.0,BNY Mellon / Dreyfus family,385.14299126164514,3081.443850653571,49.06889578970174,,,,,,,,,,missing
1991-12-31,1991,INDL,BK,BANK OF NEW YORK MELLON CORP,39426.0,13.226,4224.0,594.0,1991,BK,50910.006,98.0,BNY Mellon / Dreyfus family,319.37093603508237,3849.2368062906394,44.91153787993346,,,,,,,,,,missing
1992-12-31,1992,INDL,BK,BANK OF NEW YORK MELLON CORP,40909.0,14.13,3583.0,668.0,1992,BK,50375.526,116.0,BNY Mellon / Dreyfus family,253.5739561217268,3565.1469214437366,47.27530077848549,,,,,,,,,,missing
1993-12-31,1993,INDL,BK,BANK OF NEW YORK MELLON CORP,45546.0,15.621,3798.0,813.0,1993,BK,53005.278,163.0,BNY Mellon / Dreyfus family,243.1342423660457,3393.20645285193,52.04532360284232,,,,,,,,,,missing
1994-12-31,1994,INDL,BK,BANK OF NEW YORK MELLON CORP,48879.0,15.477,4250.997,852.0,1994,BK,48476.498,208.0,BNY Mellon / Dreyfus family,274.66543903857337,3132.163726820443,55.04942818375654,,,,,,,,,,missing
1995-12-31,1995,INDL,BK,BANK OF NEW YORK MELLON CORP,53720.0,15.81,5327.0,913.0,1995,BK,55486.539,268.0,BNY Mellon / Dreyfus family,336.93864642631246,3509.585009487666,57.748260594560406,,,,,,,,,,missing
1996-12-31,1996,INDL,BK,BANK OF NEW YORK MELLON CORP,55765.0,16.158,5713.0,1014.0,1996,BK,57542.841,268.0,BNY Mellon / Dreyfus family,353.5709865082312,3561.260118826587,62.75529149647233,,,,,,,,,,missing
1997-12-31,1997,INDL,BK,BANK OF NEW YORK MELLON CORP,59961.0,16.494,5697.0,1066.0,1997,BK,66911.905,292.0,BNY Mellon / Dreyfus family,345.39832666424155,4056.742148660119,64.62956226506608,,,,,,,,,,missing
1998-12-31,1998,INDL,BK,BANK OF NEW YORK MELLON CORP,63503.0,17.157,5793.0,1178.0,1998,BK,75176.3,324.0,BNY Mellon / Dreyfus family,337.6464416856094,4381.669289502827,68.66002214839425,,,,,,,,,,missing
1999-12-31,1999,INDL,BK,BANK OF NEW YORK MELLON CORP,74756.0,17.735,6070.0,1251.0,1999,BK,82612.3,369.0,BNY Mellon / Dreyfus family,342.26106568931493,4658.150549760361,70.53848322526079,,,,,,,,,,missing
2000-12-31,2000,INDL,BK,BANK OF NEW YORK MELLON CORP,77114.0,18.861,7486.0,1488.0,2000,BK,95338.7,389.0,BNY Mellon / Dreyfus family,396.9036636445575,5054.8062138804935,78.89295371401305,,,,,,,,,,missing
2001-12-31,2001,INDL,BK,BANK OF NEW YORK MELLON CORP,81025.0,19.181,7160.0,1588.0,2001,BK,123061.2,431.0,BNY Mellon / Dreyfus family,373.28606433449767,6415.786455346436,82.79026119597518,,,,,,,,,,missing
2002-12-31,2002,INDL,BK,BANK OF NEW YORK MELLON CORP,77564.0,19.435,5756.0,1581.0,2002,BK,122711.3,478.0,BNY Mellon / Dreyfus family,296.166709544636,6313.933624903525,81.34808335477233,,,,,,,,,,missing
2003-12-31,2003,INDL,BK,BANK OF NEW YORK MELLON CORP,92397.0,22.901,6336.0,2002.0,2003,BK,109865.1,500.0,BNY Mellon / Dreyfus family,276.6691410855421,4797.393126937689,87.41976332911227,,,,,,,,,,missing
2004-12-31,2004,INDL,BK,BANK OF NEW YORK MELLON CORP,94529.0,23.363,7093.0,2324.0,2004,BK,105599.7,506.0,BNY Mellon / Dreyfus family,303.5997089414887,4519.954629114412,99.47352651628644,,,,,,,,,,missing
2005-12-31,2005,INDL,BK,BANK OF NEW YORK MELLON CORP,102074.0,23.451,8312.0,2549.0,2005,BK,113465.7,493.0,BNY Mellon / Dreyfus family,354.4411752164087,4838.416272227197,108.69472517163447,,,,,,,,,,missing
2006-12-31,2006,INDL,BK,BANK OF NEW YORK MELLON CORP,103370.0,22.961,9027.0,2640.0,2006,BK,133876.7,507.0,BNY Mellon / Dreyfus family,393.14489787030186,5830.612778189105,114.97757066329865,,,,,,,,,,missing
2007-12-31,2007,INDL,BK,BANK OF NEW YORK MELLON CORP,197656.0,42.1,14782.0,4120.0,2007,BK,160742.7,524.0,BNY Mellon / Dreyfus family,351.1163895486936,3818.116389548694,97.86223277909738,,,,,,,,,,missing
2008-12-31,2008,INDL,BK,BANK OF NEW YORK MELLON CORP,237512.0,42.9,16828.0,5115.0,2008,BK,153449.8,507.0,BNY Mellon / Dreyfus family,392.2610722610723,3576.918414918415,119.23076923076924,,,,,,,,,,missing
2009-12-31,2009,INDL,BK,BANK OF NEW YORK MELLON CORP,212224.0,42.2,8279.0,4700.0,2009,BK,168832.3,448.0,BNY Mellon / Dreyfus family,196.18483412322274,4000.7654028436014,111.37440758293837,,,,,,,,,,missing
2010-12-31,2010,INDL,BK,BANK OF NEW YORK MELLON CORP,247259.0,48.0,14483.0,5215.0,2010,BK,156610.9,445.0,BNY Mellon / Dreyfus family,301.7291666666667,3262.727083333333,108.64583333333333,,,,,,,,,,missing
2011-12-31,2011,INDL,BK,BANK OF NEW YORK MELLON CORP,325266.0,48.7,15236.0,5726.0,2011,BK,123183.9,424.0,BNY Mellon / Dreyfus family,312.8542094455852,2529.443531827515,117.57700205338809,,,,,,,,,,missing
2012-12-31,2012,INDL,BK,BANK OF NEW YORK MELLON CORP,358990.0,49.5,15089.0,5761.0,2012,BK,125540.2,359.0,BNY Mellon / Dreyfus family,304.82828282828285,2536.1656565656567,116.38383838383838,,,,,,,,,,missing
2013-12-31,2013,INDL,BK,BANK OF NEW YORK MELLON CORP,374310.0,51.1,15326.0,6019.0,2013,BK,135219.9,376.0,BNY Mellon / Dreyfus family,299.92172211350294,2646.1819960861053,117.78864970645792,,,,,,,,,,missing
2014-12-31,2014,INDL,BK,BANK OF NEW YORK MELLON CORP,385303.0,50.3,15210.0,5845.0,2014,BK,134860.6,397.0,BNY Mellon / Dreyfus family,302.38568588469184,2681.1252485089467,116.20278330019882,,,,,,,,,,missing
2015-12-31,2015,INDL,BK,BANK OF NEW YORK MELLON CORP,393780.0,51.2,15494.0,5837.0,2015,BK,117068.9,402.0,BNY Mellon / Dreyfus family,302.6171875,2286.5019531249995,114.00390625,BK,BK,BNY Mellon / Dreyfus family,1.0,13051.0,0.0,0.0,0.0,0.0,external:ai_exposure_by_firm_year.csv
2016-12-31,2016,INDL,BK,BANK OF NEW YORK MELLON CORP,333469.0,52.0,15674.0,5733.0,2016,BK,80601.5,393.0,BNY Mellon / Dreyfus family,301.4230769230769,1550.0288461538462,110.25,BK,BK,BNY Mellon / Dreyfus family,1.0,13021.0,0.0,0.0,0.0,0.0,external:ai_exposure_by_firm_year.csv
2017-12-31,2017,INDL,BK,BANK OF NEW YORK MELLON CORP,371758.0,52.5,16617.0,5972.0,2017,BK,89511.2,344.0,BNY Mellon / Dreyfus family,316.51428571428573,1704.975238095238,113.75238095238095,BK,BK,BNY Mellon / Dreyfus family,1.0,12492.0,0.0,0.0,0.0,0.0,external:ai_exposure_by_firm_year.csv
2018-12-31,2018,INDL,BK,BANK OF NEW YORK MELLON CORP,362873.0,51.3,19213.0,6145.0,2018,BK,84630.2,329.0,BNY Mellon / Dreyfus family,374.5224171539961,1649.711500974659,119.78557504873295,BK,BK,BNY Mellon / Dreyfus family,1.0,12653.0,0.0,0.0,0.0,0.0,external:ai_exposure_by_firm_year.csv
2019-12-31,2019,INDL,BK,BANK OF NEW YORK MELLON CORP,381508.0,48.4,20007.0,6063.0,2019,BK,89529.3,313.0,BNY Mellon / Dreyfus family,413.36776859504135,1849.7789256198348,125.26859504132231,BK,BK,BNY Mellon / Dreyfus family,1.0,12222.0,0.0,0.0,0.0,0.0,external:ai_exposure_by_firm_year.csv
2020-12-31,2020,INDL,BK,BANK OF NEW YORK MELLON CORP,469633.0,48.5,16940.0,5966.0,2020,BK,90699.3,288.0,BNY Mellon / Dreyfus family,349.2783505154639,1870.0886597938145,123.01030927835052,BK,BK,BNY Mellon / Dreyfus family,1.0,23586.0,0.0,0.0,0.0,0.0,external:ai_exposure_by_firm_year.csv
2021-12-31,2021,INDL,BK,BANK OF NEW YORK MELLON CORP,444438.0,49.1,16158.0,6337.0,2021,BK,90634.2,254.0,BNY Mellon / Dreyfus family,329.0835030549898,1845.9103869653766,129.06313645621182,BK,BK,BNY Mellon / Dreyfus family,1.0,25236.0,0.0,0.0,0.0,0.0,external:ai_exposure_by_firm_year.csv
2022-12-31,2022,INDL,BK,BANK OF NEW YORK MELLON CORP,405783.0,51.7,19991.0,6800.0,2022,BK,74814.0,247.0,BNY Mellon / Dreyfus family,386.6731141199226,1447.0793036750483,131.52804642166345,BK,BK,BNY Mellon / Dreyfus family,1.0,24813.0,0.0,0.0,0.0,0.0,external:ai_exposure_by_firm_year.csv
2023-12-31,2023,INDL,BK,BANK OF NEW YORK MELLON CORP,409953.0,53.4,33805.0,7095.0,2023,BK,81489.2,222.0,BNY Mellon / Dreyfus family,633.0524344569288,1526.0149812734082,132.86516853932585,BK,BK,BNY Mellon / Dreyfus family,1.0,24746.0,0.0,0.0,0.0,0.0,external:ai_exposure_by_firm_year.csv
2024-12-31,2024,INDL,BK,BANK OF NEW YORK MELLON CORP,416064.0,51.8,39914.0,7130.0,2024,BK,80877.6,189.0,BNY Mellon / Dreyfus family,770.5405405405406,1561.3436293436296,137.64478764478764,BK,BK,BNY Mellon / Dreyfus family,1.0,22219.0,0.0,0.0,0.0,0.0,external:ai_exposure_by_firm_year.csv
2025-12-31,2025,INDL,BK,BANK OF NEW YORK MELLON CORP,472300.0,48.1,40710.0,7159.0,2025,BK,85885.40000000001,157.0,BNY Mellon / Dreyfus family,846.3617463617463,1785.5592515592516,148.83575883575884,BK,BK,BNY Mellon / Dreyfus family,1.0,22020.0,1.0,0.0,2.0,0.9082652134423252,external:ai_exposure_by_firm_year.csv
